4221,34572,31157,65729
10596,226145,199557,425702
25581,443428,297040,740468
29550,363708,384694,748402
28474,464179,322318,786497
33845,416662,450250,866912
26644,410488,402579,813067
26806,426813,487863,914676
26686,369832,536294,906126
36150,367482,676215,1043697
40546,381300,722469,1103769
52316,489046,715757,1204803
57925,478244,767025,1245269
67232,523621,790415,1314036
62244,502823,712489,1215312
73144,585046,589980,1175026
78677,584635,711841,1296476
76094,454721,649375,1104096
95596,620896,644408,1265304
98358,574516,689647,1264163
105144,631594,777851,1409445
100527,683096,605571,1288667
107011,644452,733711,1378163
113497,653314,714923,1368237
97859,646752,628034,1274786
110918,668917,773203,1442120
122024,652779,900480,1553259
126989,717386,866282,1583668
128487,672210,1003965,1676175
139118,699937,1099733,1799670
128854,620027,915516,1535543
141957,794591,1092466,1887057
125347,643155,926129,1569284
142003,604732,1195976,1800708
159508,665875,1342203,2008078
143618,723976,1125438,1849414
141465,678398,1065881,1744279
133999,672008,1052706,1724714
147683,744291,1042635,1786926
146062,653168,1244298,1897466
150282,740678,1312538,2053216
149795,655774,1140275,1796049
140472,645002,1196431,1841433
155958,738861,1141441,1880302
147541,711476,1189389,1900865
135515,622365,981656,1604021
152119,748455,1316181,2064636
168986,594052,1412411,2006463
168935,747930,1498587,2246517
157883,592683,1315058,1907741
174191,720696,1484601,2205297
163113,908057,1362541,2270598
116407,561507,693089,1254596
123598,566431,1034629,1601060
166084,656947,1486000,2142947
162637,713782,1338381,2052163
143212,599652,1290043,1889695
164341,695057,1319762,2014819
140373,632419,1084621,1717040
161526,576916,1437068,2013984
132627,411489,1145375,1556864
125866,420876,1241135,1662011
121516,464058,886981,1351039
120485,748781,1110626,1859407
149442,663110,1020066,1683176
134898,617035,1131498,1748533
145611,648875,1315708,1964583
131453,464021,974964,1438985
136438,744053,1103663,1847716
134332,835822,1034178,1870000
119116,644842,750293,1395135
120104,529989,858611,1388600
136420,690198,1192808,1883006
146665,745741,1205479,1951220
148542,523067,1110807,1633874
158879,700103,1380636,2080739
145841,417127,1157741,1574868
111145,389318,1069970,1459288
92179,392212,414594,806806
476,8869,596,9465
11685,5914,314071,319985
33402,8875,237990,246865
2858,23631,3402,27033
237,2949,594,3543
1905,8862,24537,33399
6427,56085,30038,86123
6665,50183,18400,68583
0,0,762,762
15033,227357,156528,383885
90808,665443,523418,1188861
69670,553578,190074,743652
19101,192452,764,193216
24460,91406,270381,361787
27555,330285,69234,399519
27753,343348,27389,370737
18579,201195,763,201958
5416,79891,36538,116429
16394,337832,9048,346880
26608,452744,6403,459147
18013,195007,27735,222742
15344,236240,36123,272363
17020,301089,27049,328138
15852,343959,15218,359177
13941,407578,6028,413606
14575,451579,0,451579
15313,476444,3011,479455
24524,539608,9049,548657
21502,663605,0,663605
32476,672811,33024,705835
55023,670858,96249,767107
68230,677594,219578,897172
69427,689705,258954,948659
92516,696386,567350,1263736
100306,687929,724133,1412062
112182,665784,855929,1521713
100348,402922,680693,1083615
155837,661119,1495413,2156532
126847,573741,1002254,1575995
158704,909097,1193686,2102783
123160,645874,887653,1533527
142894,635987,1109578,1745565
152878,524163,1484343,2008506
132421,443150,1114779,1557929
172413,662579,1584587,2247166
181317,848576,1428961,2277537
157811,558680,1452185,2010865
181895,480147,1571277,2051424
158460,418945,1751288,2170233
184145,801446,1682701,2484147
172242,656714,1382064,2038778
191546,516828,1946506,2463334
168600,592692,1435785,2028477
173992,794154,1573789,2367943
160243,738320,1291583,2029903
162205,431383,1449426,1880809
177049,489881,1803615,2293496
145697,531565,1336394,1867959
187513,784796,1591014,2375810
187267,604870,1753420,2358290
160753,376457,1534897,1911354
108987,325689,974589,1300278
86464,384566,871297,1255863
136195,738718,972165,1710883
128431,852010,919974,1771984
119909,691643,855671,1547314
133370,639233,1066085,1705318
138322,495422,1107259,1602681
85417,284819,648996,933815
64017,299646,524380,824026
82099,449588,513854,963442
92355,524745,716223,1240968
96951,819648,630559,1450207
105415,724903,619562,1344465
104599,591165,759571,1350736
94954,446827,600769,1047596
109442,474979,675115,1150094
72711,472472,544582,1017054
93942,691017,587955,1278972
129194,873444,949380,1822824
109852,578561,670089,1248650
87306,334523,355467,689990
51376,359983,544761,904744
122551,722881,876085,1598966
99925,451090,816371,1267461
64956,282956,571228,854184
118571,616965,914408,1531373
127496,692068,957741,1649809
135071,657399,1069475,1726874
81704,365907,675742,1041649
127563,766479,863432,1629911
119201,633597,873765,1507362
129645,580634,1114604,1695238
127772,641316,987220,1628536
158308,627909,1407124,2035033
164143,661593,1553422,2215015
173598,645282,1671768,2317050
186020,649151,1764505,2413656
185091,659727,1755426,2415153
197789,702915,1823849,2526764
191552,531042,1910961,2442003
207636,700950,1954465,2655415
190503,822217,1608279,2430496
176489,533987,1670662,2204649
204104,746753,1855685,2602438
149144,516276,1337858,1854134
188777,670141,1764192,2434333
176642,728666,1331214,2059880
150061,673809,1610506,2284315
124413,437773,979078,1416851
192164,740652,1804269,2544921
202383,642489,1847813,2490302
177484,702822,1669212,2372034
201679,645947,1791538,2437485
186324,583053,1770581,2353634
199787,820601,1852485,2673086
141828,463821,1111607,1575428
169488,636508,1577688,2214196
191092,794360,1627409,2421769
182947,522421,1721997,2244418
158174,463498,1485203,1948701
153474,606194,1340176,1946370
171550,848613,1500936,2349549
147552,671573,1028012,1699585
154526,518827,1355383,1874210
161830,529409,1511575,2040984
175626,736737,1573416,2310153
173735,780905,1258385,2039290
135800,598734,1295751,1894485
203080,653392,1916436,2569828
187799,534686,1785787,2320473
206299,803779,1870498,2674277
186798,617482,1721452,2338934
198250,594082,1895318,2489400
196915,823028,1716132,2539160
191212,590281,1819531,2409812
196797,483596,1897773,2381369
184854,671031,1723239,2394270
178794,794388,1588066,2382454
159242,656431,1328486,1984917
164461,518923,1470663,1989586
181874,580343,1754995,2335338
192474,788540,1702404,2490944
190976,683790,1721713,2405503
193044,473915,1907224,2381139
189189,580563,1837916,2418479
189163,780627,1658648,2439275
172461,740487,1341749,2082236
168871,599192,1562686,2161878
183170,489913,1801693,2291606
188869,682215,1532589,2214804
177480,779177,1684445,2463622
186414,620311,1707025,2327336
183260,538769,1712749,2251518
195230,807248,1735943,2543191
148919,530891,1075439,1606330
143665,649345,1435514,2084859
161158,847302,1193117,2040419
126234,339643,849140,1188783
162665,551694,1779642,2331336
183091,753428,1598662,2352090
172744,778233,1422031,2200264
168507,517932,1551165,2069097
176640,613572,1690312,2303884
186734,658062,1680809,2338871
193960,606107,1826224,2432331
202088,841567,1721860,2563427
177105,519636,1719890,2239526
188574,526684,1836786,2363470
181333,667617,1635947,2303564
189049,798523,1659574,2458097
179191,540719,1703008,2243727
204040,658692,1878080,2536772
184149,747854,1484543,2232397
167483,700141,1602676,2302817
166419,697259,1395824,2093083
175730,597823,1568047,2165870
175651,500464,1720540,2221004
195411,787952,1733393,2521345
178857,740560,1524215,2264775
173274,570649,1530845,2101494
177746,526819,1766220,2293039
202514,741396,1779909,2521305
178469,832538,1472150,2304688
165936,614918,1463566,2078484
176270,647409,1563231,2210640
187833,535604,1765348,2300952
158943,483151,1520043,2003194
176388,825698,1528475,2354173
157055,569130,1065741,1634871
157728,678272,1586753,2265025
172715,513882,1607432,2121314
133889,387681,1345701,1733382
175171,680639,1586213,2266852
160999,746427,1295139,2041566
161061,803289,1253397,2056686
144821,664717,1171285,1836002
147876,520336,1379023,1899359
161284,355257,1581209,1936466
131714,424075,1240323,1664398
170789,757530,1529849,2287379
180049,799909,1342406,2142315
149831,672386,1428691,2101077
153363,373397,1407069,1780466
186587,693398,1708713,2402111
181751,608845,1668612,2277457
171159,710635,1572846,2283481
194496,661241,1790402,2451643
181148,583529,1707039,2290568
181183,646547,1572685,2219232
165876,762823,1435564,2198387
150535,832411,1112704,1945115
142914,430994,1047396,1478390
134562,398734,1304286,1703020
150431,459454,1585456,2044910
115204,500945,1022132,1523077
171433,641294,1525208,2166502
165958,461337,1701248,2162585
157726,598868,1397721,1996589
152038,405914,1551449,1957363
164863,525899,1606928,2132827
170243,526598,1689891,2216489
154964,538174,1480668,2018842
168086,694035,1419945,2113980
169774,551723,1607404,2159127
145773,337996,1530956,1868952
141202,422986,1379238,1802224
169168,705154,1455994,2161148
136276,521952,1180718,1702670
150814,618055,1478666,2096721
163595,767908,1355961,2123869
153806,546799,1438705,1985504
170303,720018,1474699,2194717
155781,639751,1328921,1968672
170752,790388,1372519,2162907
181614,586400,1720376,2306776
188862,553087,1881407,2434494
194914,710835,1494282,2205117
13901,53314,795,54109
716,5920,596,6516
7863,0,169003,169003
476,5913,596,6509
25495,127049,418799,545848
114209,578179,852842,1431021
52453,265802,253615,519417
718,8905,572,9477
16960,2962,220258,223220
6961,26547,72076,98623
4261,17744,30653,48397
222,0,572,572
4158,14816,51518,66334
7327,62156,60280,122436
5302,26696,27720,54416
445,5922,573,6495
1596,0,24277,24277
223,0,6016,6016
1103,5907,6582,12489
642,2952,12489,15441
6019,32454,72057,104511
9611,65005,102233,167238
13115,59069,165340,224409
18780,94410,219327,313737
21543,109539,258700,368239
26532,130063,285734,415797
30015,132577,322276,454853
27768,88973,391003,479976
28388,115241,370598,485839
31500,109723,418537,528260
40779,142812,531524,674336
44887,148180,594471,742651
58402,207055,708294,915349
66483,207655,913640,1121295
80049,275829,1040945,1316774
110260,378962,1341689,1720651
110687,443129,1230558,1673687
155546,626971,1437576,2064547
146094,578632,1372483,1951115
153425,662590,1322867,1985457
157622,547635,1501006,2048641
126445,502771,1117680,1620451
170203,653465,1501459,2154924
168223,509639,1658200,2167839
184235,744985,1678671,2423656
173119,638683,1562270,2200953
175489,610844,1733576,2344420
195804,787306,1698809,2486115
170633,648373,1581998,2230371
184339,544451,1631159,2175610
169910,704469,1622339,2326808
184928,770736,1564972,2335708
145599,483264,1114972,1598236
140014,378915,1448610,1827525
170912,678709,1540474,2219183
172028,684038,1462580,2146618
180790,530092,1796643,2326735
186025,686482,1692622,2379104
179841,619349,1706822,2326171
186358,707269,1656359,2363628
184112,573954,1771439,2345393
182373,741322,1584820,2326142
183157,805124,1528555,2333679
161237,550114,1482892,2033006
156690,433648,1473637,1907285
181325,692937,1680143,2373080
164769,740247,1344704,2084951
181205,579505,1699485,2278990
153124,480468,1429226,1909694
189575,813318,1638228,2451546
168937,757449,1378161,2135610
172902,568571,1544250,2112821
191864,565283,1792560,2357843
153202,550384,1391302,1941686
183449,840099,1592697,2432796
157522,680689,1175848,1856537
171397,624639,1632648,2257287
164379,417302,1543144,1960446
168121,620573,1568081,2188654
180278,800417,1620729,2421146
168263,683018,1400672,2083690
172618,535017,1565579,2100596
157562,627574,1390097,2017671
156144,814989,1274742,2089731
144433,649988,889341,1539329
114904,461942,1055460,1517402
174138,814427,1419194,2233621
153564,591164,1413282,2004446
170309,522596,1545453,2068049
142762,472856,1341097,1813953
170198,647524,1478087,2125611
159404,840482,1276306,2116788
133395,708520,900468,1608988
124280,603301,1018060,1621361
170708,562501,1562964,2125465
173291,499816,1515232,2015048
144897,572356,1301795,1874151
176401,791442,1586244,2377686
163032,831443,1266852,2098295
148273,530045,1275966,1806011
160824,517220,1405586,1922806
170677,753744,1478834,2232578
150229,778847,1110148,1888995
130729,802579,925407,1727986
132462,583502,974101,1557603
161351,603269,1400421,2003690
168954,566156,1524731,2090887
135606,484657,1158274,1642931
163774,870106,1406654,2276760
140260,698409,1092467,1790876
154834,558030,1325148,1883178
168440,495988,1531151,2027139
150774,479234,1303921,1783155
130166,545408,1159223,1704631
161491,889419,1316223,2205642
130122,714812,963024,1677836
129938,540314,1024228,1564542
166903,528840,1440478,1969318
162501,573640,1488381,2062021
152870,813639,1276102,2089741
142176,784098,1039637,1823735
130530,521838,944232,1466070
134548,453107,1120475,1573582
115946,402330,1108645,1510975
161155,801882,1388720,2190602
155267,781363,1132303,1913666
155202,588352,1385929,1974281
164905,586606,1404815,1991421
139079,556070,1112976,1669046
169619,909245,1376425,2285670
137519,737216,1033766,1770982
148595,487681,1189732,1677413
133007,440746,1206523,1647269
162607,768126,1486085,2254211
156113,724050,1219775,1943825
155540,637683,1339699,1977382
169399,537702,1541490,2079192
165221,614918,1433546,2048464
176398,870712,1517336,2388048
146670,582581,1163221,1745802
169656,542231,1488567,2030798
144739,457549,1291433,1748982
150028,788950,1304294,2093244
157115,756484,1229772,1986256
136909,547090,1089436,1636526
150241,518843,1353538,1872381
169593,777959,1438595,2216554
163702,781456,1349976,2131432
143701,551889,1217180,1769069
172832,495618,1539362,2034980
146042,462005,1386086,1848091
119277,481206,1012681,1493887
166222,889134,1383093,2272227
152249,708331,1204057,1912388
152623,526647,1285940,1812587
139513,456268,1202199,1658467
150864,609825,1303270,1913095
168076,866178,1414265,2280443
152439,678704,1247000,1925704
167432,585869,1482550,2068419
102829,301177,832069,1133246
163598,694855,1484019,2178874
159589,789790,1298955,2088745
154955,800439,1187963,1988402
109917,328399,627403,955802
156904,714873,1596175,2311048
176269,613154,1590137,2203291
137171,459310,1206434,1665744
163446,687577,1434286,2121863
140628,706621,1158175,1864796
158346,861424,1189732,2051156
131098,598731,1044301,1643032
151972,434921,1224408,1659329
175314,582025,1569192,2151217
142658,430447,1481643,1912090
174766,765618,1522842,2288460
161122,778218,1261548,2039766
148325,652632,1165155,1817787
128996,364154,1213287,1577441
173088,672193,1530183,2202376
165836,776961,1403258,2180219
161143,569851,1400824,1970675
170531,659575,1536597,2196172
165125,676741,1436084,2112825
178747,674706,1604304,2279010
161475,571237,1407637,1978874
179641,724769,1579360,2304129
164972,787471,1400757,2188228
146240,557077,1181125,1738202
161567,469924,1387648,1857572
139208,544801,1341352,1886153
160688,746066,1390200,2136266
146190,717005,1200413,1917418
159756,523934,1301764,1825698
157018,714451,1341004,2055455
161351,777878,1334664,2112542
137445,609612,925773,1535385
137120,519348,1254008,1773356
140581,500430,1252772,1753202
134675,654147,1111079,1765226
155845,898770,1283927,2182697
132102,532509,942079,1474588
150718,528490,1178309,1706799
123055,391884,1206688,1598572
144642,593917,1212734,1806651
159391,797036,1254254,2051290
129786,663228,859901,1523129
111438,460116,970787,1430903
114542,565608,938122,1503730
126014,627080,1052874,1679954
119942,553531,1070782,1624313
127319,557905,1128809,1686714
124134,460364,1116881,1577245
95606,502506,813141,1315647
109233,591266,898648,1489914
119628,663986,920139,1584125
122214,668873,908129,1577002
115031,577060,925728,1502788
126095,600658,1053315,1653973
119704,504582,1126780,1631362
132437,633522,1117287,1750809
126950,536319,1164013,1700332
121378,584789,1042601,1627390
122482,617358,998288,1615646
131439,654430,1056522,1710952
131514,613918,1057570,1671488
132610,613459,1133859,1747318
155445,677251,1309339,1986590
152315,601484,1430523,2032007
149619,585788,1412380,1998168
164482,801090,1323027,2124117
159425,666827,1372500,2039327
172007,550998,1615534,2166532
164238,516131,1548228,2064359
166123,564484,1523036,2087520
150939,705537,1258545,1964082
165078,881740,1221413,2103153
147229,589666,1286950,1876616
90102,346003,340317,686320
3810,41340,594,41934
13574,67917,364181,432098
23683,94926,87495,182421
0,0,595,595
16206,0,355713,355713
44933,322355,303665,626020
49370,361356,112060,473416
476,0,764,764
46151,338941,472837,811778
95999,688524,598580,1287104
57991,403230,178428,581658
6194,97490,571,98061
47733,399525,359017,758542
68427,660082,270764,930846
45928,435098,109133,544231
10264,121355,572,121927
23575,109258,286016,395274
53127,521811,355258,877069
50893,499933,141759,641692
15639,138100,227418,365518
27618,189332,102402,291734
65187,675244,310426,985670
89533,738769,505769,1244538
89256,658564,570752,1229316
109908,646429,842341,1488770
144032,652605,1263731,1916336
142401,435250,1341406,1776656
171775,625632,1537337,2162969
158123,602359,1435494,2037853
158560,970276,1290960,2261236
133788,619441,919197,1538638
126042,389992,739056,1129048
142749,732857,1551797,2284654
142988,617676,1117653,1735329
161989,759841,1386408,2146249
139805,438208,1197085,1635293
161331,571151,1469984,2041135
169107,814730,1330941,2145671
153407,647295,1300237,1947532
166504,496194,1544473,2040667
127849,394859,1206039,1600898
165485,687943,1387792,2075735
154723,822961,1207695,2030656
154048,704750,1288773,1993523
137110,489492,1129789,1619281
148794,644785,1345627,1990412
162929,773526,1329713,2103239
142311,566702,1254640,1821342
165521,572685,1460314,2032999
120115,464890,879682,1344572
154835,858777,1381364,2240141
129698,721048,924938,1645986
142830,562068,1215870,1777938
173281,650312,1413975,2064287
155364,727398,1340461,2067859
160277,706554,1335117,2041671
155734,475084,1326580,1801664
174087,634908,1587333,2222241
162292,789536,1368785,2158321
154934,675311,1124924,1800235
146777,608670,1277861,1886531
153767,505660,1388235,1893895
155155,610672,1387828,1998500
152377,839420,1158783,1998203
145651,739760,1121477,1861237
145212,629566,1205960,1835526
174491,606057,1512342,2118399
148275,434178,1293359,1727537
164805,706848,1482491,2189339
165156,850812,1251961,2102773
137137,573302,1192331,1765633
159721,591481,1385851,1977332
132195,512815,1107476,1620291
158969,1014654,1342765,2357419
124446,493973,625450,1119423
119451,646781,1098502,1745283
142618,528473,925644,1454117
153393,576327,1477727,2054054
143874,569216,1295762,1864978
148942,670989,1235211,1906200
154867,793772,1184448,1978220
143691,487686,1299658,1787344
167878,660737,1509312,2170049
158613,777385,1235057,2012442
166423,665217,1419114,2084331
150657,433144,1445602,1878746
129437,509344,1139371,1648715
162005,787779,1300886,2088665
156929,738369,1254210,1992579
141272,577220,1202799,1780019
133142,401308,1229230,1630538
164645,695967,1460516,2156483
163973,757310,1355829,2113139
156049,523829,1410194,1934023
161885,512784,1440679,1953463
149469,595307,1295041,1890348
164492,840995,1438694,2279689
154021,768779,1150674,1919453
140314,588001,1087080,1675081
154810,497461,1407953,1905414
117130,310598,1117419,1428017
151031,680733,1291011,1971744
146476,843336,1191429,2034765
140512,640831,1115797,1756628
162079,509539,1340484,1850023
154264,556028,1338145,1894173
147088,599029,1206269,1805298
120966,718482,979894,1698376
143511,738003,991187,1729190
144006,622842,1281557,1904399
172162,478759,1488293,1967052
130458,443605,1245667,1689272
168820,742141,1485743,2227884
140937,752113,1014793,1766906
150131,669911,1253174,1923085
156106,461554,1388648,1850202
156788,651701,1341535,1993236
147774,725270,1249710,1974980
151946,843153,1179385,2022538
127841,530387,802371,1332758
131976,536657,1210253,1746910
125640,494130,1122677,1616807
155540,721414,1256843,1978257
146415,475882,1274648,1750530
153580,745043,1216619,1961662
153644,668004,1410585,2078589
175033,611457,1532033,2143490
154732,512170,1406052,1918222
165922,754563,1496083,2250646
155228,667657,1273529,1941186
140103,531459,1107040,1638499
156718,661543,1344076,2005619
161085,790067,1386019,2176086
165120,685988,1262468,1948456
144909,721403,1194085,1915488
148249,460596,1006316,1466912
118515,444959,1254161,1699120
163662,719734,1437383,2157117
152582,741744,1244145,1985889
168045,732368,1470113,2202481
158047,549389,1222235,1771624
154732,585360,1473120,2058480
161131,810785,1342139,2152924
150033,812058,1188826,2000884
152710,597221,1205648,1802869
153524,592330,1267785,1860115
162497,475106,1480132,1955238
156241,562280,1254656,1816936
161285,843684,1476521,2320205
151619,751781,1143269,1895050
145981,496911,1050930,1547841
144751,438141,1439934,1878075
161708,621012,1438700,2059712
163007,749873,1355783,2105656
156684,628323,1347039,1975362
168454,707125,1415217,2122342
166333,814320,1308476,2122796
155524,598604,1359580,1958184
160604,435381,1587797,2023178
121125,359996,1060080,1420076
112022,476030,1038160,1514190
119836,651491,976665,1628156
133714,713081,1013698,1726779
144794,543555,1253675,1797230
128572,600402,1195694,1796096
166610,779591,1314156,2093747
150907,602306,1300800,1903106
137112,466140,1198139,1664279
159919,721960,1382944,2104904
165012,776349,1311885,2088234
151546,545049,1328893,1873942
155972,562744,1312939,1875683
159920,692811,1425390,2118201
148561,865554,1029469,1895023
144145,593158,1223064,1816222
157682,495649,1452096,1947745
160517,608348,1475017,2083365
157331,742160,1269201,2011361
155510,738963,1216499,1955462
148756,591211,1215544,1806755
151305,395836,1457838,1853674
143088,515127,1344641,1859768
149703,721903,1236977,1958880
167035,845666,1259670,2105336
140980,487638,1221005,1708643
142410,577888,1248941,1826829
167635,695062,1486663,2181725
160659,818946,1103912,1922858
131295,709325,1096466,1805791
136746,592049,1103136,1695185
168026,500665,1530365,2031030
147226,534882,1384990,1919872
166798,713105,1430478,2143583
155530,803205,1173066,1976271
139143,458918,1001553,1460471
114008,367016,1117727,1484743
145104,609359,1319661,1929020
145623,712756,1188698,1901454
150912,608830,1349633,1958463
160859,722637,1306994,2029631
104280,363901,952133,1316034
158660,738731,1304572,2043303
138169,625990,1105921,1731911
130638,484498,1190806,1675304
164924,664011,1516095,2180106
134836,594246,1137287,1731533
162399,680121,1371076,2051197
155598,509939,1468573,1978512
167267,652704,1474832,2127536
148392,612992,1284200,1897192
168487,811420,1330967,2142387
161030,688239,1328093,2016332
153130,509112,1391239,1900351
140850,472837,1341598,1814435
131773,588398,1157507,1745905
173608,917004,1332855,2249859
133385,717600,879302,1596902
138792,522906,1368569,1891475
156636,474502,1202808,1677310
153334,662652,1533767,2196419
170705,831392,1477974,2309366
152897,727611,1158497,1886108
154680,552653,1274437,1827090
154017,537874,1358529,1896403
147634,547443,1246395,1793838
153190,816549,1348973,2165522
149471,613770,1052886,1666656
141045,581021,1150911,1731932
108852,382151,1096528,1478679
171787,751185,1487531,2238716
170437,730945,1356291,2087236
161876,679928,1407856,2087784
151750,419666,1348087,1767753
139815,505913,1253908,1759821
154174,580940,1295034,1875974
165580,928811,1411499,2340310
137495,601808,934216,1536024
146037,638373,1006449,1644822
20493,35652,597,36249
0,0,595,595
41992,174555,620895,795450
24849,112586,48779,161365
0,0,596,596
24767,112217,463307,575524
97711,491155,826632,1317787
44454,225234,124370,349604
0,0,761,761
9018,0,114887,114887
0,0,571,571
0,0,286,286
7386,112521,63400,175921
31783,239667,114951,354618
2863,32548,572,33120
16884,109519,169005,278524
40682,428096,198342,626438
46004,449111,93722,542833
13394,71180,142290,213470
36644,397640,126289,523929
51405,563833,180635,744468
57255,620099,195333,815432
63373,608650,276579,885229
65607,629656,298172,927828
70371,602542,363673,966215
75266,647959,391706,1039665
70993,500303,448516,948819
80000,649851,442175,1092026
85264,582539,634889,1217428
86606,586621,632456,1219077
96949,596145,718572,1314717
100412,597898,758169,1356067
114910,612020,942587,1554607
123768,618748,1039590,1658338
146095,667385,1255601,1922986
148773,700068,1271470,1971538
145930,724484,1203760,1928244
153569,774749,1239067,2013816
151267,576206,1303957,1880163
176386,872442,1525410,2397852
159075,634770,1288024,1922794
169642,672318,1432321,2104639
142929,488347,1158725,1647072
153060,582591,1336245,1918836
160577,853776,1201987,2055763
145714,802548,1335860,2138408
127979,704346,738740,1443086
121625,568064,905480,1473544
164931,700634,1453665,2154299
145654,467454,1207581,1675035
150625,573328,1385236,1958564
139028,592339,1106970,1699309
169075,941432,1339195,2280627
138651,574562,1008718,1583280
147686,635648,1388750,2024398
164442,636867,1386539,2023406
155966,706537,1343373,2049910
150553,770450,1141317,1911767
144348,481447,1194336,1675783
152328,452623,1389478,1842101
166027,723820,1437991,2161811
168795,766007,1365999,2132006
159346,546399,1392098,1938497
150253,545754,1352331,1898085
155473,680277,1340513,2020790
145363,678891,1206089,1884980
152757,727135,1289541,2016676
152989,541595,1296872,1838467
160598,530210,1421824,1952034
169614,772898,1483298,2256196
159733,889962,1204442,2094404
133910,551086,1028009,1579095
151973,564056,1406511,1970567
167355,781707,1335218,2116925
133399,767223,1051630,1818853
143257,718784,978189,1696973
142468,594663,1116645,1711308
127778,384121,1187613,1571734
158079,702090,1385271,2087361
157982,874116,1200273,2074389
151219,708652,1205157,1913809
144742,528996,1245458,1774454
171526,584236,1511024,2095260
147723,609804,1111581,1721385
139576,800172,1227549,2027721
147720,765934,1065272,1831206
130796,540626,881509,1422135
129450,575953,1171245,1747198
159070,588107,1395204,1983311
165468,808915,1367927,2176842
147329,665460,1161227,1826687
168438,631874,1476982,2108856
145918,441272,1210295,1651567
110304,509215,1015911,1525126
166792,965832,1262029,2227861
118755,407964,803896,1211860
131583,499841,1243171,1743012
128597,544827,1160640,1705467
155187,664198,1422029,2086227
146100,642328,1224153,1866481
153484,645857,1293212,1939069
149040,447072,1467214,1914286
142597,539415,1287156,1826571
145870,668318,1217496,1885814
148097,731956,1182044,1914000
164589,639480,1473401,2112881
154840,689260,1292901,1982161
158697,646630,1340669,1987299
160444,648149,1435735,2083884
145930,737141,1157762,1894903
157239,589204,1445444,2034648
165889,746537,1395006,2141543
167412,539069,1602830,2141899
141516,443432,1272256,1715688
159838,705105,1441692,2146797
153777,778493,1129353,1907846
151486,663803,1265179,1928982
169948,512164,1597856,2110020
132290,561846,1115876,1677722
138719,753330,1183271,1936601
145095,850464,1082431,1932895
133351,601295,930388,1531683
150312,606984,1249173,1856157
171680,635840,1534711,2170551
177092,755627,1478959,2234586
165768,764395,1381093,2145488
154670,581907,1347527,1929434
152133,496645,1209388,1706033
164006,624429,1538624,2163053
155516,765995,1294534,2060529
150336,777718,1205074,1982792
132359,563085,922715,1485800
162619,602285,1437612,2039897
174802,652154,1571041,2223195
162792,807475,1428260,2235735
149773,645500,1129783,1775283
153268,472916,1311746,1784662
171655,734754,1521219,2255973
160051,687518,1304447,1991965
154758,633998,1390885,2024883
168572,742155,1523676,2265831
149895,572136,1202981,1775117
163111,527757,1434529,1962286
120092,453411,974810,1428221
159648,797060,1382700,2179760
151555,701071,1142714,1843785
139387,729310,1089401,1818711
154009,539264,1179413,1718677
146757,439014,1430532,1869546
162572,732784,1424421,2157205
126172,712788,926336,1639124
137171,850019,875805,1725824
101206,597882,783252,1381134
116163,409209,785437,1194646
137968,518297,1246980,1765277
166474,826029,1477463,2303492
153038,671322,1095732,1767054
133935,643022,1161139,1804161
166422,842886,1287897,2130783
126096,603896,1097968,1701864
138877,675780,1117078,1792858
148169,805370,1160839,1966209
140295,534823,1041648,1576471
162408,579900,1358481,1938381
151811,677652,1414917,2092569
163581,773200,1421781,2194981
144308,554012,1096859,1650871
163098,686252,1457086,2143338
160793,418078,1392176,1810254
149501,473243,1439770,1913013
159298,755216,1293556,2048772
159187,884756,1170711,2055467
132874,709527,1048604,1758131
139448,559586,1128075,1687661
168678,589606,1472291,2061897
168747,733640,1475089,2208729
163097,758552,1324429,2082981
139229,553767,837625,1391392
128377,543190,1220553,1763743
175980,656093,1478006,2134099
152061,666924,1398882,2065806
168775,734111,1396538,2130649
162041,570290,1464856,2035146
176246,616441,1584144,2200585
158041,698666,1323795,2022461
178476,815329,1387453,2202782
157059,531698,1486501,2018199
169265,497808,1543612,2041420
173800,628826,1648645,2277471
169760,843114,1298322,2141436
147193,633173,1261045,1894218
166114,556336,1449333,2005669
124046,391211,1063918,1455129
142571,682910,1254922,1937832
151167,816911,1085775,1902686
158643,574027,1431543,2005570
175980,592188,1598324,2190512
127609,369249,1205239,1574488
134482,558029,1157388,1715417
166064,854315,1311310,2165625
137634,690680,1052051,1742731
165246,613274,1460954,2074228
152876,503973,1283651,1787624
128838,490404,1196289,1686693
161163,791769,1349432,2141201
136504,732811,1091278,1824089
150471,598044,1253369,1851413
146903,436900,1251873,1688773
132935,476505,1203201,1679706
145874,644613,1200541,1845154
165243,878574,1246813,2125387
125332,632570,911756,1544326
151299,606607,1229204,1835811
160902,580872,1538297,2119169
125160,420239,1074637,1494876
154480,724443,1344501,2068944
151196,693911,1199696,1893607
158257,781168,1176787,1957955
149930,563002,1356043,1919045
156868,503621,1401723,1905344
163593,618931,1509026,2127957
156273,774565,1204622,1979187
155878,595875,1360833,1956708
143450,587778,1191644,1779422
173541,766671,1494042,2260713
165790,577255,1497899,2075154
165789,494145,1524975,2019120
173727,687580,1485024,2172604
151563,747377,1239884,1987261
153036,877910,1177968,2055878
129527,582706,886307,1469013
163374,598610,1416712,2015322
120351,357269,1048000,1405269
134700,465009,1227033,1692042
158084,761776,1261575,2023351
159872,584803,1439466,2024269
166239,803706,1299224,2102930
149006,649344,1219352,1868696
73154,248580,277419,525999
1191,8867,597,9464
17704,2966,409783,412749
26975,85845,195784,281629
49170,376134,160296,536430
954,8877,596,9473
13861,0,371110,371110
20078,44458,27145,71603
4299,29617,9611,39228
0,0,763,763
8147,59194,75395,134589
12734,142032,51313,193345
12274,127915,18779,146694
3099,32517,762,33279
5012,35601,51127,86728
14056,141479,72007,213486
12244,136140,12617,148757
3559,32508,762,33270
4907,26630,51274,77904
7215,88589,27047,115636
10030,138745,9580,148325
8117,115006,15648,130654
11088,154310,24067,178377
15938,209748,54104,263852
16560,259883,42068,301951
18903,349093,12040,361133
13335,402801,0,402801
19661,432152,18068,450220
21264,501783,9020,510803
33643,651530,30090,681620
54751,685323,126384,811707
66801,699127,189601,888728
72787,685829,292082,977911
81405,685398,482434,1167832
97281,720043,641754,1361797
110773,639048,857190,1496238
143697,651514,1184372,1835886
146700,485090,1234376,1719466
112608,351574,1029158,1380732
158565,629754,1436372,2066126
156163,870270,1194876,2065146
134016,752566,1001344,1753910
135513,537363,1075740,1613103
164411,511544,1541837,2053381
152305,592147,1206138,1798285
154596,639161,1374013,2013174
165247,783217,1356183,2139400
153063,602048,1354069,1956117
164703,701056,1421075,2122131
146706,569069,1272425,1841494
166925,856134,1234350,2090484
145917,587581,1315702,1903283
161068,532368,1406929,1939297
164563,715686,1439736,2155422
152255,790807,1177038,1967845
158123,817711,1177309,1995020
141502,582858,1176253,1759111
172935,541164,1567931,2109095
159520,624803,1392049,2016852
178050,813766,1514298,2328064
161266,640104,1288841,1928945
169827,536539,1611973,2148512
178159,679975,1621763,2301738
162806,823153,1290504,2113657
162396,680518,1365438,2045956
159205,566572,1421964,1988536
179876,449524,1717177,2166701
179655,592481,1487874,2080355
162684,662767,1673136,2335903
166201,699962,1380543,2080505
170511,566881,1519383,2086264
181118,696943,1671773,2368716
170078,625226,1527500,2152726
185780,779513,1624255,2403768
176154,654310,1529205,2183515
183838,577199,1643166,2220365
184036,784327,1670776,2455103
167715,765267,1422710,2187977
160033,739434,1163282,1902716
152651,567862,1431917,1999779
167546,441809,1482741,1924550
146624,492906,1350291,1843197
166880,611591,1475475,2087066
158727,867750,1251676,2119426
146066,646021,1191984,1838005
175998,527046,1623125,2150171
140405,419794,1359385,1779179
172385,780601,1454124,2234725
169534,671177,1467593,2138770
151619,558996,1312203,1871199
158616,704983,1305379,2010362
168545,794852,1398088,2192940
157405,635756,1311033,1946789
156242,613558,1249274,1862832
170481,826120,1560779,2386899
153317,657045,1082648,1739693
156897,558580,1380174,1938754
124503,328604,1166084,1494688
162510,577489,1537582,2115071
167136,687747,1444384,2132131
159683,763776,1288779,2052555
159417,701153,1299119,2000272
138766,479259,1287133,1766392
131911,489821,1169316,1659137
121349,535082,954153,1489235
132661,758141,937008,1695149
125546,683879,925738,1609617
143939,629624,1197292,1826916
155757,599346,1376527,1975873
152973,623427,1307356,1930783
156558,790061,1195859,1985920
129424,699178,921732,1620910
141992,568064,1241692,1809756
157778,567257,1416032,1983289
155287,507971,1452535,1960506
178235,725392,1510403,2235795
153546,680518,1334658,2015176
158268,707350,1290764,1998114
154076,509138,1306350,1815488
152951,663661,1414501,2078162
151737,758384,1199241,1957625
148369,646280,1246330,1892610
164587,601540,1307862,1909402
161738,780859,1436886,2217745
173844,833389,1446091,2279480
153864,574945,1321262,1896207
171275,587099,1498151,2085250
142806,500442,1243715,1744157
165095,829699,1296241,2125940
121149,681289,873387,1554676
135766,788910,898695,1687605
94018,500482,616760,1117242
153512,625071,1347530,1972601
165114,547413,1478236,2025649
149847,611446,1303029,1914475
177161,875656,1428037,2303693
129949,608343,975632,1583975
150497,761703,1303306,2065009
157338,614248,1188451,1802699
163365,717569,1485530,2203099
154887,543678,1250918,1794596
89957,218193,731821,950014
135808,494842,1388793,1883635
158454,817643,1352439,2170082
153896,665004,1124651,1789655
140967,510590,1123109,1633699
154430,576638,1439358,2015996
159754,686143,1389969,2076112
161227,777076,1391466,2168542
162224,625301,1264096,1889397
153302,512276,1397708,1909984
121456,439961,1020770,1460731
126875,561315,1156598,1717913
171352,859395,1470277,2329672
159863,748663,1134752,1883415
139226,474941,1237853,1712794
151598,547520,1252838,1800358
108179,461947,966853,1428800
150995,984949,1213435,2198384
136415,637018,963952,1600970
127029,609383,970984,1580367
132247,684171,1013989,1698160
135462,794607,1058957,1853564
131570,697798,850977,1548775
136720,518707,1044837,1563544
159103,693946,1404079,2098025
147120,444128,1221808,1665936
163856,657789,1480655,2138444
147853,768055,1111848,1879903
160422,869717,1154786,2024503
127205,584860,916702,1501562
118362,564989,1000517,1565506
158749,654983,1355400,2010383
126643,519229,1011086,1530315
164431,824182,1385338,2209520
146382,792807,1121935,1914742
150663,558980,1166013,1724993
138186,557142,1188198,1745340
160993,744568,1390979,2135547
156843,767005,1155716,1922721
130722,485259,1120578,1605837
159922,511149,1412394,1923543
133919,551557,1158889,1710446
161761,914439,1312088,2226527
135973,706967,988199,1695166
149744,568886,1253120,1822006
155437,490498,1157044,1647542
133280,565193,1296731,1861924
159315,798684,1390750,2189434
153855,749550,1196916,1946466
135039,416406,951847,1368253
148019,604757,1444849,2049606
172949,803290,1430801,2234091
154382,745502,1230761,1976263
163117,628143,1346160,1974303
157623,469845,1437197,1907042
113872,432189,1023509,1455698
174737,816970,1479260,2296230
162252,795201,1308607,2103808
154428,597854,1229146,1827000
138658,434112,1201830,1635942
158290,604190,1435405,2039595
173236,851394,1437291,2288685
154411,692274,1175030,1867304
119692,483770,890822,1374592
148201,633469,1280816,1914285
157457,680275,1305155,1985430
149775,508852,1404067,1912919
172098,733456,1454023,2187479
169333,608617,1520900,2129517
170506,667355,1511387,2178742
173323,738166,1448111,2186277
158982,468036,1541053,2009089
170717,740485,1457062,2197547
156046,620565,1377207,1997772
166727,756466,1400170,2156636
144220,589494,1217351,1806845
171232,720190,1447746,2167936
168247,670955,1479126,2150081
160394,641862,1438847,2080709
165620,559749,1515247,2074996
150662,663009,1298642,1961651
164651,888674,1281923,2170597
135502,511760,1099972,1611732
167496,631466,1528119,2159585
152946,532629,1293695,1826324
155579,653912,1391882,2045794
160158,780888,1306381,2087269
139029,625012,1117132,1742144
156760,492865,1481361,1974226
129005,354455,1247050,1601505
163690,627684,1474589,2102273
159605,733993,1305024,2039017
167667,938829,1262897,2201726
127594,594245,955375,1549620
162966,558373,1462654,2021027
167962,573052,1469818,2042870
139939,603051,1156521,1759572
153383,861785,928716,1790501
39016,215925,595,216520
5483,65033,596,65629
43602,5908,765820,771728
22967,41932,93905,135837
1911,11852,597,12449
0,2970,598,3568
10738,124278,162854,287132
86869,572526,646092,1218618
45425,355191,42939,398130
1195,11860,573,12433
39897,245886,322749,568635
37882,327586,228384,555970
15544,138667,21821,160488
5267,50474,572,51046
15523,85834,144776,230610
18111,216479,57278,273757
10162,106573,764,107337
1669,17749,572,18321
6785,38562,60438,99000
5227,83006,12069,95075
6650,112446,572,113018
6861,112124,6475,118599
5747,162207,0,162207
6586,198983,0,198983
7918,238611,0,238611
8949,269285,0,269285
12512,330376,3000,333376
11938,361218,0,361218
15069,466182,3002,469184
34824,627094,39106,666200
50728,678295,99454,777749
64425,713647,144157,857804
68398,716450,186596,903046
75027,717015,282709,999724
81319,680125,408648,1088773
85896,711062,447756,1158818
99748,758088,573503,1331591
100751,573567,668509,1242076
96039,487569,574452,1062021
114179,651703,999700,1651403
147086,618002,1274653,1892655
146813,539209,1267869,1807078
167420,620453,1475941,2096394
172116,780205,1474063,2254268
154635,690597,1276458,1967055
157807,697593,1267938,1965531
165362,607753,1484772,2092525
187243,518865,1836705,2355570
163583,514501,1539317,2053818
191031,743206,1696495,2439701
184082,728827,1565237,2294064
168969,514514,1583226,2097740
174245,571239,1577639,2148878
164113,672386,1396420,2068806
176584,893128,1456592,2349720
141946,645090,1179992,1825082
161147,601124,1379326,1980450
165671,553177,1301325,1854502
146711,452588,1538841,1991429
180127,698179,1572086,2270265
156234,710053,1303918,2013971
160671,868660,1199394,2068054
132689,543482,1077528,1621010
154355,638987,1372811,2011798
163512,512880,1404925,1917805
168942,512608,1576078,2088686
172802,758382,1437624,2196006
158731,699894,1462316,2162210
158799,575815,1336661,1912476
135201,458599,1119902,1578501
163624,675325,1528285,2203610
147061,708175,1112098,1820273
173339,893831,1466012,2359843
134601,589080,946797,1535877
151394,699738,1289343,1989081
167155,591010,1435421,2026431
146237,498266,1158891,1657157
151608,716737,1389155,2105892
136129,567794,1107540,1675334
157598,851074,1123831,1974905
113230,688156,951625,1639781
156967,514854,1244353,1759207
177559,697607,1577988,2275595
155130,599924,1343187,1943111
170781,734175,1525796,2259971
152565,675212,1329853,2005065
165906,545586,1309159,1854745
136204,482389,1202474,1684863
151971,470657,1387388,1858045
164614,761216,1256001,2017217
161368,810979,1525094,2336073
159469,725401,1334823,2060224
158776,629931,1262650,1892581
171188,533648,1516166,2049814
162503,496102,1439421,1935523
164547,699814,1430379,2130193
151421,683030,1295088,1978118
165883,879150,1341815,2220965
126241,404638,776801,1181439
158700,733889,1514621,2248510
168034,557798,1469437,2027235
152283,504848,1388439,1893287
162062,684898,1389372,2074270
138810,698629,1061900,1760529
165834,918443,1326998,2245441
130565,502249,875012,1377261
156320,778057,1417929,2195986
167246,581510,1396483,1977993
144262,579657,1192081,1771738
149742,613012,1344061,1957073
137664,675271,1110691,1785962
175719,785964,1442830,2228794
136395,547297,1143968,1691265
175905,575999,1571273,2147272
169821,520945,1524793,2045738
151946,591565,1348781,1940346
172790,723712,1476474,2200186
163333,852131,1389970,2242101
155096,715406,1103018,1818424
135471,635858,1158973,1794831
167158,582803,1383455,1966258
166187,586918,1349825,1936743
153208,696679,1385919,2082598
155347,827000,1291159,2118159
133459,637745,1060934,1698679
170059,731575,1331343,2062918
155767,625274,1400014,2025288
169080,529447,1391137,1920584
122497,445079,1014438,1459517
134834,618471,1250059,1868530
147972,652378,1264081,1916459
153419,781198,1046693,1827891
118175,481566,848776,1330342
136508,538587,1135380,1673967
129931,530339,1274723,1805062
146988,613511,1329684,1943195
159539,680466,1393984,2074450
164506,673883,1449552,2123435
150951,626230,1352521,1978751
165792,671604,1452336,2123940
139871,627784,1176470,1804254
148906,787236,1126406,1913642
126534,578607,1015228,1593835
149946,716091,1184248,1900339
148874,534558,1195173,1729731
130747,508835,1298500,1807335
163806,680353,1408787,2089140
152780,535087,1401910,1936997
170099,708017,1461905,2169922
157575,758974,1278233,2037207
163710,660864,1429497,2090361
152056,490301,1266236,1756537
153229,616631,1438645,2055276
173443,828259,1391303,2219562
153982,737005,1372734,2109739
156835,657577,1163162,1820739
156460,671348,1394145,2065493
172311,590348,1482637,2072985
137792,533219,1157586,1690805
128090,592590,1007900,1600490
148125,776795,1209584,1986379
156495,793832,1203067,1996899
122119,676762,840200,1516962
134971,638003,978740,1616743
141355,560975,1179803,1740778
163178,574059,1421734,1995793
161578,628340,1393628,2021968
148774,730234,1106551,1836785
166008,868792,1420330,2289122
137049,601013,908106,1509119
111893,472367,995034,1467401
169856,767185,1444950,2212135
152712,644514,1291341,1935855
164523,589740,1444766,2034506
161060,680511,1353094,2033605
168363,807294,1398191,2205485
146932,683177,1204771,1887948
164868,596766,1458144,2054910
173862,563411,1541416,2104827
138394,429023,1256099,1685122
161678,670241,1389101,2059342
158224,647099,1340780,1987879
170540,952517,1330666,2283183
122905,524082,790183,1314265
128564,562312,1157809,1720121
167730,676130,1451355,2127485
152504,567731,1342177,1909908
164114,736513,1389244,2125757
155868,791376,1236404,2027780
162465,700078,1336823,2036901
151261,541015,1239299,1780314
113091,464485,831041,1295526
149289,685734,1204483,1890217
142966,761883,1205815,1967698
146221,838005,962952,1800957
120995,621442,852203,1473645
142736,686663,1138899,1825562
149468,637544,1325389,1962933
160010,504042,1373816,1877858
140600,487319,1257144,1744463
158883,702994,1389117,2092111
166230,859926,1341921,2201847
153627,712554,1226819,1939373
159565,557691,1346268,1903959
145065,510742,1156541,1667283
165494,645551,1484111,2129662
138095,667240,1009931,1677171
137858,754452,1251206,2005658
151543,808751,973529,1782280
138488,592459,1155101,1747560
141545,537779,1050633,1588412
141014,543354,1282567,1825921
156796,679096,1372799,2051895
141374,589043,1229757,1818800
141278,655411,1130684,1786095
138169,623360,1106789,1730149
164964,609817,1479776,2089593
158114,549321,1453116,2002437
159345,761012,1289706,2050718
174867,691472,1524242,2215714
153418,533185,1361489,1894674
159701,596722,1484570,2081292
141206,526379,1156952,1683331
153442,816008,1292480,2108488
157419,766786,1132045,1898831
131345,711978,1183557,1895535
158609,606791,1110688,1717479
145754,682146,1348684,2030830
166106,677933,1462437,2140370
137754,451376,1065829,1517205
171421,876789,1521698,2398487
141326,813308,1106447,1919755
144632,556782,1003132,1559914
149040,729409,1309244,2038653
152910,598454,1243391,1841845
164432,544899,1449421,1994320
172437,651985,1616028,2268013
186705,756435,1617476,2373911
82557,322343,151027,473370
953,11823,595,12418
30097,5923,541302,547225
4057,0,596,596
237,5895,795,6690
10545,26747,114600,141347
10038,59272,78432,137704
3821,23690,3775,27465
716,5923,573,6496
19748,99124,216466,315590
77319,410432,751730,1162162
30085,207252,12804,220056
0,2967,574,3541
25167,67971,279952,347923
56719,410014,476458,886472
19200,94915,12769,107684
0,0,571,571
26622,157056,292638,449694
58941,375896,433960,809856
12957,53261,762,54023
15053,44443,180744,225187
35558,273558,270243,543801
49813,310172,393448,703620
53810,343087,400228,743315
59302,348527,482628,831155
62885,424509,439705,864214
65420,457951,444749,902700
70180,444303,515530,959833
72571,420664,542868,963532
78562,436373,636626,1072999
75624,426602,620061,1046663
87447,472268,684991,1157259
86910,478752,721282,1200034
90665,419341,778887,1198228
97773,549926,770808,1320734
105266,573207,829096,1402303
117931,593402,971070,1564472
128797,624635,1118625,1743260
157072,724633,1305771,2030404
159291,643807,1421401,2065208
183086,589514,1804248,2393762
174986,594947,1636220,2231167
184256,776451,1705546,2481997
194691,713197,1734832,2448029
178461,581253,1648906,2230159
187725,616861,1752343,2369204
170065,702586,1485735,2188321
195496,737470,1661749,2399219
156205,556162,1164898,1721060
154706,582393,1371951,1954344
134237,474201,1144917,1619118
104172,445971,950627,1396598
119353,496778,1129632,1626410
122728,474031,1166686,1640717
126673,542344,1171630,1713974
125061,530906,1138186,1669092
118151,473881,1008506,1482387
91874,354565,942218,1296783
104420,443996,1015546,1459542
114059,507518,1085173,1592691
107825,430277,1122494,1552771
122907,571979,1125580,1697559
122076,594396,1074632,1669028
122379,530978,1156167,1687145
109274,541182,1010642,1551824
119324,522722,1107544,1630266
126227,553523,1111076,1664599
121969,539738,1122478,1662216
133963,510025,1279521,1789546
127117,525485,1147090,1672575
145669,572042,1410326,1982368
148992,599500,1440044,2039544
164149,590583,1688781,2279364
181298,640627,1821753,2462380
187474,699384,1772041,2471425
200288,641279,1927580,2568859
191570,677721,1859857,2537578
211275,778702,1946736,2725438
192548,548406,1804813,2353219
206716,714239,1896737,2610976
190204,712386,1799485,2511871
198246,715565,1683723,2399288
184474,623988,1436336,2060324
162356,613571,1713834,2327405
198878,817393,1828901,2646294
190331,720556,1648304,2368860
186636,556600,1767667,2324267
195895,585492,1854042,2439534
206703,694676,1954351,2649027
206746,862824,1695406,2558230
185582,659623,1695165,2354788
168338,564720,1494174,2058894
191761,506027,1924504,2430531
196274,633568,1812437,2446005
181337,567191,1735165,2302356
200781,682365,1876032,2558397
183209,542597,1733141,2275738
206559,734481,1971605,2706086
189705,684373,1715352,2399725
183877,469887,1843327,2313214
160172,528574,1515582,2044156
191211,741899,1698674,2440573
203581,720584,1825266,2545850
185833,556102,1756649,2312751
185957,603761,1779277,2383038
206318,785067,1864774,2649841
182587,597956,1666072,2264028
196780,479840,1959766,2439606
174411,608828,1645263,2254091
205995,792522,1831692,2624214
162095,541053,1449823,1990876
205288,711807,1915184,2626991
200521,679574,1860500,2540074
202774,658667,1943531,2602198
198240,654492,1844737,2499229
164822,636284,1486572,2122856
192129,705540,1712173,2417713
193627,600755,1868177,2468932
178893,449250,1764516,2213766
194016,666831,1712982,2379813
196268,762053,1817542,2579595
173284,706583,1493722,2200305
176221,792181,1497114,2289295
124130,430724,1029742,1460466
187196,593498,1828120,2421618
179340,636138,1652724,2288862
191249,680784,1755251,2436035
196295,552391,1863848,2416239
172201,393599,1719534,2113133
185319,675525,1755874,2431399
204215,805222,1830123,2635345
183241,529586,1506683,2036269
179052,527298,1854987,2382285
165897,511313,1633645,2144958
191517,690234,1794646,2484880
164777,689198,1363760,2052958
183403,579689,1767098,2346787
196611,612602,1865714,2478316
189991,725075,1767299,2492374
197520,757469,1733446,2490915
175629,568405,1627584,2195989
200036,762793,1835537,2598330
202107,613986,1906108,2520094
204706,593545,1967372,2560917
202030,723244,1807314,2530558
187768,771641,1773302,2544943
191220,629315,1752269,2381584
194431,576688,1857330,2434018
210275,703002,2044113,2747115
186247,612322,1715727,2328049
210494,635040,1916358,2551398
195118,606001,1885160,2491161
199997,514320,1952279,2466599
206563,696415,1984544,2680959
180064,757196,1570885,2328081
189711,749574,1554419,2303993
144672,565142,1294431,1859573
202917,685962,1882596,2568558
178690,458149,1735052,2193201
178853,491524,1757567,2249091
192290,737520,1762147,2499667
178623,732752,1397902,2130654
132905,449866,1265070,1714936
173687,666560,1580135,2246695
186934,703819,1681369,2385188
161868,439741,1594641,2034382
191415,804225,1662481,2466706
168292,509367,1499821,2009188
164362,609358,1536459,2145817
168301,711588,1499295,2210883
145332,675477,1164309,1839786
155558,733590,1131600,1865190
91940,399194,752368,1151562
170307,775902,1432501,2208403
160147,589413,1493073,2082486
171860,587077,1540590,2127667
173780,803500,1425011,2228511
170903,733273,1517748,2251021
179449,598514,1644629,2243143
151721,473617,1352442,1826059
147856,543240,1336614,1879854
142114,608308,1277464,1885772
172591,760724,1449922,2210646
162050,565133,1470915,2036048
173275,652467,1573698,2226165
175692,732221,1523154,2255375
149781,668318,1209823,1878141
164809,842321,1245308,2087629
140206,572633,1188877,1761510
170283,595028,1537750,2132778
150916,572380,1275766,1848146
166691,750482,1410632,2161114
167696,759395,1350864,2110259
156542,581143,1469773,2050916
172883,527853,1531548,2059401
142355,559772,1244883,1804655
174594,716870,1504518,2221388
161319,753024,1290117,2043141
161245,624182,1388675,2012857
156269,499522,1263462,1762984
148408,427626,1668038,2095664
204415,776789,1827859,2604648
165475,642513,1449894,2092407
183979,523734,1783298,2307032
157225,490030,1485568,1975598
210639,757940,1920069,2678009
190097,766425,1660804,2427229
185254,631251,1679417,2310668
204117,507600,2026672,2534272
162972,431354,1641524,2072878
196779,725645,1826993,2552638
183631,621007,1687065,2308072
205423,567369,1988128,2555497
148980,304688,1495142,1799830
190538,615940,1856616,2472556
190853,681179,1808472,2489651
201293,749785,1803022,2552807
211208,707274,1957725,2664999
167707,407277,1647207,2054484
185782,596601,1800609,2397210
158192,604478,1344689,1949167
177250,833411,1472957,2306368
163896,633986,1422346,2056332
170261,576599,1598367,2174966
188020,662105,1783510,2445615
196074,744689,1669585,2414274
167687,711444,1583158,2294602
178661,470879,1709352,2180231
200371,630925,1853128,2484053
161848,588383,1429105,2017488
195889,857859,1708853,2566712
160756,680232,1195570,1875802
164521,636582,1613394,2249976
177713,582125,1435274,2017399
160301,555580,1593186,2148766
193188,726917,1792319,2519236
155302,612284,1388887,2001171
192120,688678,1783228,2471906
166107,682113,1088049,1770162
12417,26649,596,27245
0,0,144972,144972
70015,194901,682283,877184
7630,0,596,596
0,0,595,595
0,0,293,293
0,0,119,119
0,0,763,763
0,0,571,571
6065,53299,66502,119801
46337,275066,442207,717273
16658,97705,24823,122528
0,0,571,571
27372,162611,270900,433511
39472,256574,306320,562894
16851,147289,12780,160069
1436,5939,573,6512
25982,162618,246905,409523
31305,263393,198697,462090
13608,100772,24783,125555
8211,47315,87740,135055
24661,227436,135247,362683
29290,310890,117494,428384
35452,323044,180906,503950
39843,384599,192725,577324
43443,427976,189744,617720
49024,478675,214227,692902
50187,476035,270918,746953
54544,524722,298460,823182
66077,562404,442258,1004662
82150,679246,521405,1200651
90324,624365,622511,1246876
88586,618723,684446,1303169
108401,662343,799162,1461505
97547,631090,717876,1348966
117060,607234,1023160,1630394
123133,609370,1129603,1738973
125860,698833,1048280,1747113
123508,577962,1097250,1675212
141364,710880,1180781,1891661
161279,632448,1389654,2022102
142713,587544,1331562,1919106
179191,687740,1635314,2323054
176581,559835,1744332,2304167
190045,510904,1912375,2423279
199233,717239,1855477,2572716
199064,820836,1674233,2495069
161694,548296,1368384,1916680
166718,475140,1624636,2099776
187403,630310,1889814,2520124
180467,642952,1695772,2338724
202656,629171,1934625,2563796
155932,532200,1456163,1988363
202312,713524,1872203,2585727
179505,565421,1679633,2245054
196983,626130,1940929,2567059
201522,741860,1800438,2542298
157967,584421,1469447,2053868
184815,707845,1626873,2334718
161862,540052,1510936,2050988
191989,671127,1786647,2457774
177785,668301,1615204,2283505
195712,789175,1726542,2515717
180918,592704,1626617,2219321
189565,617830,1841416,2459246
203788,731802,1884057,2615859
197277,620465,1822401,2442866
164495,499565,1513994,2013559
169725,659163,1612975,2272138
184714,781680,1573567,2355247
164033,599872,1457202,2057074
197674,565642,1879406,2445048
188262,546391,1827384,2373775
169836,608458,1560318,2168776
200242,783143,1775589,2558732
161703,592047,1478246,2070293
189445,687071,1672290,2359361
186840,762423,1680468,2442891
170829,709545,1309105,2018650
129662,435437,1172323,1607760
186947,716102,1683575,2399677
191214,623582,1821369,2444951
186224,650087,1757822,2407909
191235,798191,1699147,2497338
173388,646428,1547404,2193832
184744,498895,1837954,2336849
173778,540943,1575765,2116708
198944,792734,1818282,2611016
189939,701564,1687256,2388820
170117,497737,1623586,2121323
202807,593121,1927019,2520140
185695,604550,1758845,2363395
197605,742159,1818353,2560512
181410,717471,1581347,2298818
183063,534288,1741277,2275565
202014,486554,1897593,2384147
194304,636383,1948650,2585033
209611,797711,1889851,2687562
198520,591744,1848937,2440681
214314,760553,2029186,2789739
193901,547166,1795713,2342879
201804,624857,1947425,2572282
201212,711709,1865307,2577016
171121,571355,1548194,2119549
203425,738948,1929619,2668567
188890,717402,1745726,2463128
195828,645215,1804058,2449273
188291,499029,1737070,2236099
200525,668990,1901811,2570801
188813,706109,1708110,2414219
208466,631642,1951405,2583047
205382,660820,1759607,2420427
189087,749310,1949601,2698911
195653,704856,1700229,2405085
198637,620205,1898823,2519028
214134,609401,2001409,2610810
175725,594849,1622054,2216903
193705,822800,1798583,2621383
194115,645428,1534151,2179579
158009,490047,1420930,1910977
176182,622410,1697877,2320287
172386,690503,1554083,2244586
186788,641902,1709284,2351186
192203,584853,1882994,2467847
203168,744516,1907934,2652450
182248,542064,1759110,2301174
191240,695580,1724722,2420302
202674,656511,1905538,2562049
190141,626698,1849878,2476576
193107,702712,1757666,2460378
171550,544354,1625605,2169959
199747,660157,1888513,2548670
181242,722011,1578807,2300818
197147,659734,1818553,2478287
184539,483754,1830994,2314748
190308,518427,1918334,2436761
203920,767413,1810645,2578058
207141,612546,1986989,2599535
197635,528176,2023298,2551474
176827,490542,1748007,2238549
212177,748029,1952483,2700512
182053,579109,1692019,2271128
199475,719832,1855159,2574991
200752,813602,1624820,2438422
172445,576217,1710880,2287097
198928,648825,1867201,2516026
181349,700010,1581537,2281547
199786,818404,1773745,2592149
153798,496394,1349601,1845995
201767,759141,1892653,2651794
191973,716955,1524098,2241053
184314,689080,1823447,2512527
184231,629485,1666199,2295684
192412,624891,1772612,2397503
210316,719326,1953653,2672979
185755,714041,1671390,2385431
194707,730516,1666218,2396734
150409,508040,1360870,1868910
204543,739514,1884728,2624242
187612,665474,1656824,2322298
177624,730892,1643871,2374763
193733,767389,1681909,2449298
183345,587139,1688176,2275315
189015,567316,1758969,2326285
160039,422293,1623153,2045446
187743,641090,1756883,2397973
196355,781172,1671528,2452700
188976,642567,1745861,2388428
191870,573301,1813840,2387141
188831,753895,1709242,2463137
192300,744620,1772753,2517373
174459,516475,1471562,1988037
166335,484382,1645356,2129738
188897,696087,1671786,2367873
195019,708224,1804644,2512868
201167,707938,1877373,2585311
174641,435619,1638580,2074199
187881,689064,1759096,2448160
173528,785535,1532245,2317780
174833,698950,1347607,2046557
115997,399191,1014985,1414176
200173,722784,1816373,2539157
186914,649612,1589726,2239338
174710,731975,1619807,2351782
188577,943110,1524027,2467137
128098,491178,889421,1380599
141589,511452,1217583,1729035
147804,617756,1322457,1940213
176020,693890,1560043,2253933
163137,600009,1456553,2056562
181904,670571,1746505,2417076
181452,584724,1700414,2285138
123560,423132,1150014,1573146
170237,632830,1563538,2196368
157498,626064,1354795,1980859
180540,632298,1704662,2336960
159986,506171,1577070,2083241
188116,652440,1745683,2398123
176338,673601,1503758,2177359
160967,663029,1481065,2144094
175329,644978,1583382,2228360
185364,595715,1778873,2374588
192717,715047,1733752,2448799
186906,736244,1654296,2390540
205617,614234,1946320,2560554
178887,640493,1491772,2132265
187931,770267,1892157,2662424
187444,753499,1670736,2424235
160802,467655,1152917,1620572
187758,770035,1891714,2661749
181012,572763,1652950,2225713
195198,613969,1851877,2465846
167385,638639,1389549,2028188
192426,847941,1711783,2559724
166239,640220,1315963,1956183
177202,675984,1622138,2298122
182200,664432,1645067,2309499
169841,452159,1476075,1928234
165772,455106,1759302,2214408
173428,562031,1655439,2217470
196350,877557,1781730,2659287
145702,492468,943182,1435650
132537,475352,1244660,1720012
172541,670166,1605432,2275598
173926,655599,1617666,2273265
185586,661640,1788402,2450042
182423,610751,1726888,2337639
194625,656468,1797499,2453967
180667,636303,1751517,2387820
195467,717886,1852896,2570782
186372,672941,1694103,2367044
197746,528158,1998762,2526920
206001,701592,1992632,2694224
197916,614376,1922906,2537282
214299,711847,2051636,2763483
173101,459388,1642323,2101711
204962,647958,1980159,2628117
204534,826742,1717050,2543792
78623,314110,181664,495774
0,0,596,596
63196,254314,875303,1129617
113139,648868,897159,1546027
58719,281719,596,282315
0,0,796,796
72051,401014,938447,1339461
153560,682885,1244364,1927249
29637,38529,761,39290
0,0,111754,111754
10062,0,15207,15207
10698,121403,129627,251030
16737,124230,762,124992
2388,26658,573,27231
20389,115279,195639,310918
20665,180922,120747,301669
8323,68017,762,68779
237,0,572,572
9090,62290,78434,140724
9786,109252,48073,157325
5960,56167,762,56929
3372,38667,36498,75165
12573,126891,57093,183984
14878,133115,96249,229364
19073,195202,84254,279456
23554,213207,129689,342896
29412,234120,183880,418000
32067,220368,245991,466359
39277,266575,300335,566910
41875,322688,271213,593901
48137,343001,340021,683022
61773,470061,394037,864098
47376,331356,252812,584168
57812,416819,397059,813878
64826,483428,384610,868038
70583,476002,490655,966657
73672,598431,385823,984254
71276,469627,546010,1015637
68564,459976,529363,989339
68730,467578,596688,1064266
70114,420533,665152,1085685
67800,391249,618836,1010085
72120,407920,762629,1170549
73586,482994,744277,1227271
79347,528543,720539,1249082
81122,439250,818010,1257260
96449,581060,914140,1495200
102274,604107,1084712,1688819
120566,663612,1104478,1768090
135101,719226,1322287,2041513
152918,614107,1578888,2192995
169136,816503,1572555,2389058
157022,687254,1382633,2069887
194933,623500,1809368,2432868
191551,476566,1878408,2354974
196113,682760,1877759,2560519
202521,665974,2005692,2671666
188105,685481,1709092,2394573
198150,771602,1735344,2506946
171052,503250,1571583,2074833
199098,759957,1877053,2637010
189937,651142,1735067,2386209
208407,580153,1980646,2560799
198629,615752,1860567,2476319
195783,777516,1829142,2606658
209563,625035,2039131,2664166
198022,665980,1809260,2475240
199881,886456,1754614,2641070
165307,537704,1452891,1990595
203279,642981,1928072,2571053
189071,402401,1778655,2181056
194122,592302,1993372,2585674
202704,811492,1858072,2669564
170556,618237,1565755,2183992
194022,507992,1838384,2346376
178855,494314,1739953,2234267
209216,748551,1990165,2738716
194200,627938,1783922,2411860
210249,727925,1952364,2680289
203484,757940,1783644,2541584
189918,581418,1896449,2477867
208231,725382,1951813,2677195
194479,718262,1793257,2511519
199772,644199,1817969,2462168
190433,643966,1806386,2450352
200208,665265,1850475,2515740
206511,781817,1833949,2615766
190354,749486,1623114,2372600
155149,397445,1372894,1770339
179794,668006,1697910,2365916
199400,652124,1861343,2513467
167956,544898,1591529,2136427
207746,718912,1929532,2648444
201373,648125,1897452,2545577
194756,437460,2000202,2437662
205085,685345,1861221,2546566
181681,721418,1709094,2430512
191616,651495,1734653,2386148
168470,474421,1648107,2122528
195307,667402,1817207,2484609
146909,599023,1265558,1864581
191873,893796,1564893,2458689
139687,599323,1147150,1746473
170563,577887,1624926,2202813
205500,788468,1853963,2642431
177707,551756,1638625,2190381
176583,532758,1718918,2251676
157377,664271,1339553,2003824
196581,784918,1735495,2520413
177955,567931,1659569,2227500
210969,593200,2062337,2655537
194004,417885,1948752,2366637
151964,507214,1390222,1897436
160639,583076,1476263,2059339
129730,544105,1071979,1616084
180667,919929,1473209,2393138
143436,692012,1135904,1827916
160244,565199,1408725,1973924
168367,644154,1314676,1958830
150727,481889,1465794,1947683
161579,577956,1343181,1921137
141143,641533,1305550,1947083
178154,943216,1364053,2307269
133192,557446,928349,1485795
108299,420247,976325,1396572
146022,724114,1152007,1876121
155314,790531,1236660,2027191
141886,620032,1101359,1721391
135144,626928,1070793,1697721
141595,779231,1112528,1891759
138030,708816,1058739,1767555
134499,637133,1119160,1756293
141320,606606,1152911,1759517
156204,738760,1294054,2032814
165734,787240,1210530,1997770
142346,545874,1219149,1765023
172301,628799,1547393,2176192
139871,611762,1158338,1770100
155186,814884,1140084,1954968
134061,511088,1157113,1668201
141419,587487,1174323,1761810
141669,779748,1043364,1823112
138152,673423,1058124,1731547
144868,617701,1204405,1822106
149416,536805,1342859,1879664
143975,467420,1312214,1779634
119376,515132,1019530,1534662
164902,764625,1322901,2087526
145404,589103,1235465,1824568
173940,597029,1578209,2175238
159760,508740,1365204,1873944
147357,612828,1479304,2092132
177809,799809,1489636,2289445
165264,634652,1478636,2113288
206029,666073,1882363,2548436
189500,580550,1746297,2326847
185222,533639,1804648,2338287
126779,476681,1106006,1582687
143838,561696,1299016,1860712
144947,655470,1064369,1719839
100903,440729,741353,1182082
123916,788459,974472,1762931
122500,799474,876682,1676156
123678,783761,794469,1578230
96723,660678,575562,1236240
96081,351221,383890,735111
112525,740164,876807,1616971
104850,463046,634397,1097443
111679,556217,936558,1492775
136543,700832,1055437,1756269
133815,656119,1050177,1706296
109570,548290,822241,1370531
129810,637953,1029453,1667406
126444,724154,862138,1586292
112842,661433,765526,1426959
124330,677833,899619,1577452
117266,595428,867278,1462706
130888,558365,1063374,1621739
103959,429697,856897,1286594
127000,676606,965749,1642355
117143,702432,795472,1497904
126903,721728,877156,1598884
127580,506596,1032496,1539092
115092,487832,973492,1461324
126399,703101,971372,1674473
110620,657703,771944,1429647
131987,793358,926853,1720211
116075,679933,794684,1474617
131507,629991,902876,1532867
134924,595196,1060838,1656034
124238,531955,1088021,1619976
173278,732361,1493357,2225718
156085,712909,1308648,2021557
151160,689978,1237779,1927757
129573,633722,910239,1543961
133423,735637,1022414,1758051
115411,648882,831437,1480319
137807,886459,878922,1765381
116509,705780,731693,1437473
94104,495997,642949,1138946
134004,646363,991353,1637716
119102,552128,934403,1486531
136734,671693,1062549,1734242
119521,695365,789144,1484509
130901,808070,896173,1704243
120176,650478,893455,1543933
104262,455919,734920,1190839
126619,614361,945912,1560273
129742,718814,993278,1712092
144339,799659,1117452,1917111
117041,506477,848931,1355408
135284,517239,1017173,1534412
114420,550940,927559,1478499
144606,826912,1149944,1976856
144309,674563,1131263,1805826
139640,588988,1175818,1764806
163712,668950,1390891,2059841
125725,592557,974765,1567322
136340,822975,1024131,1847106
135747,824640,923458,1748098
118810,598518,845899,1444417
131220,574867,965213,1540080
147281,674868,1226679,1901547
102791,387956,724907,1112863
72564,358145,608272,966417
130491,600338,1059906,1660244
105281,638911,694898,1333809
128989,791738,974461,1766199
122463,774925,725354,1500279
117244,569664,910946,1480610
124754,676055,917191,1593246
119470,574568,867900,1442468
127327,501976,972683,1474659
98774,408266,742255,1150521
124291,732509,1010747,1743256
123391,749683,887785,1637468
135629,797665,931453,1729118
95068,570505,542830,1113335
97205,613812,451040,1064852
32899,32589,795,33384
0,0,192828,192828
34573,260470,73121,333591
0,0,595,595
14785,38441,390979,429420
61204,413425,463006,876431
42944,266255,144930,411185
714,2954,762,3716
4524,0,184079,184079
0,0,1146,1146
1668,0,141939,141939
0,0,573,573
2863,0,187579,187579
36402,245499,246771,492270
80524,554010,365040,919050
13334,165342,571,165913
51556,304853,542053,846906
87809,667778,427375,1095153
89235,726265,400525,1126790
90757,659199,473135,1132334
109708,674280,697806,1372086
110976,601704,804964,1406668
131205,714861,980075,1694936
129040,640629,991175,1631804
114266,529159,938967,1468126
159152,745282,1290943,2036225
126648,543876,1079165,1623041
133607,505895,1159020,1664915
145310,766747,1111315,1878062
141739,780678,1152704,1933382
133503,845456,870122,1715578
115386,615483,860288,1475771
148249,522277,1006321,1528598
121077,452181,1026711,1478892
150043,654741,1387987,2042728
143400,727389,1083139,1810528
155471,595431,1373668,1969099
156735,532957,1299638,1832595
170211,665179,1674367,2339546
186995,631468,1752506,2383974
169925,580127,1434771,2014898
134247,563942,1250133,1814075
115941,535629,926601,1462230
149578,856178,1048406,1904584
130734,647853,998478,1646331
134058,631862,1047009,1678871
149648,564373,1315954,1880327
156490,561172,1410932,1972104
151480,503973,1406493,1910466
141728,580870,1167300,1748170
166341,792789,1345804,2138593
156694,704935,1279733,1984668
157373,577435,1384714,1962149
159136,700978,1206215,1907193
143926,691993,1293571,1985564
168473,751591,1352431,2104022
131751,514016,1145839,1659855
163815,660325,1352781,2013106
155873,746774,1263813,2010587
152938,853321,1142824,1996145
115158,441425,737978,1179403
144501,640393,1311460,1951853
165796,694588,1430521,2125109
123894,481847,1101301,1583148
166847,718012,1436107,2154119
155261,646866,1322831,1969697
169940,609884,1523161,2133045
155631,428850,1373362,1802212
155910,543091,1536844,2079935
186112,756933,1608446,2365379
187616,684914,1754319,2439233
171582,546756,1507216,2053972
127051,408665,1111536,1520201
146741,618367,1295452,1913819
100498,459901,609016,1068917
126642,670818,1120075,1790893
110360,676848,680360,1357208
143107,721281,1182723,1904004
155327,648871,1315081,1963952
134469,469027,1207435,1676462
173926,739603,1429673,2169276
150361,758585,1212614,1971199
159067,769877,1238317,2008194
145884,621659,1190377,1812036
171278,522113,1547831,2069944
176705,644892,1437482,2082374
151551,600763,1480532,2081295
179457,826397,1502088,2328485
141512,518821,1141230,1660051
174822,687482,1581493,2268975
144436,558675,1238163,1796838
167924,798067,1396487,2194554
152406,626296,1231888,1858184
162668,581910,1552502,2134412
167110,665102,1353590,2018692
156031,776870,1304560,2081430
152230,741743,1178636,1920379
153258,599326,1290210,1889536
172526,531726,1610747,2142473
158556,513153,1381244,1894397
167651,704002,1526334,2230336
173863,784703,1463794,2248497
166945,610078,1476902,2086980
182206,610530,1622579,2233109
146574,496493,1389567,1886060
182836,754739,1574314,2329053
162848,711453,1387200,2098653
175390,799003,1396205,2195208
157192,569623,1370179,1939802
167686,536193,1622015,2158208
177467,671617,1573523,2245140
150418,720736,1255949,1976685
172677,830597,1401009,2231606
148022,556763,1056665,1613428
185329,644766,1809749,2454515
155903,404226,1404770,1808996
165337,568455,1663275,2231730
153504,580575,1366145,1946720
163563,642155,1453185,2095340
159524,759363,1272620,2031983
123760,443790,1133762,1577552
163125,693127,1356760,2049887
144775,664528,1158793,1823321
163775,574144,1502255,2076399
156541,594069,1325491,1919560
159880,731532,1343055,2074587
162609,596543,1451229,2047772
136642,536404,1200589,1736993
169676,715127,1444043,2159170
161023,541039,1536028,2077067
173257,655471,1552277,2207748
166109,706488,1446234,2152722
175844,644097,1572604,2216701
160833,611588,1394444,2006032
150870,674907,1256904,1931811
169780,900431,1331551,2231982
145561,646093,1095854,1741947
136957,535181,1219997,1755178
133056,498687,1138172,1636859
158342,750381,1341753,2092134
167760,812741,1322614,2135355
152380,713752,1308498,2022250
175605,473370,1453609,1926979
116688,318635,1207994,1526629
158422,588053,1415034,2003087
158398,704121,1331092,2035213
176397,700586,1528189,2228775
171537,561724,1593478,2155202
192683,746434,1695319,2441753
196645,620685,1865764,2486449
143673,311408,1493846,1805254
196088,610095,1903466,2513561
182342,804909,1556622,2361531
183082,688750,1575595,2264345
177295,573096,1614684,2187780
168258,582182,1472760,2054942
170403,765693,1299129,2064822
160904,732636,1526453,2259089
158380,537377,1048434,1585811
117891,668623,1154668,1823291
170593,783687,1451050,2234737
148356,564174,1229276,1793450
177867,766010,1623423,2389433
160927,757222,1304519,2061741
169189,501620,1306973,1808593
176095,655431,1623620,2279051
119124,420549,1119573,1540122
165092,735555,1389846,2125401
155687,781410,1200428,1981838
148213,639382,1297022,1936404
157878,547288,1401053,1948341
176390,535518,1568563,2104081
156303,494157,1477364,1971521
178220,713176,1666959,2380135
182603,754217,1539163,2293380
155175,594101,1372340,1966441
151087,492478,1267901,1760379
119172,409990,1108982,1518972
154777,730019,1339379,2069398
163331,757451,1342556,2100007
169000,670287,1398137,2068424
169711,597328,1536465,2133793
158379,530199,1292515,1822714
161234,581975,1534904,2116879
136095,620939,1106643,1727582
169655,891947,1359982,2251929
122009,642474,939464,1581938
113511,491381,786124,1277505
162614,704569,1394544,2099113
166590,524869,1495732,2020601
158253,373234,1531233,1904467
153338,547911,1440102,1988013
172609,748089,1524312,2272401
147131,601252,1246883,1848135
169311,648497,1480901,2129398
151808,537919,1293436,1831355
181410,803774,1671692,2475466
171398,565972,1360420,1926392
144955,466436,1383110,1849546
184818,802373,1630420,2432793
169352,612243,1511308,2123551
187775,578805,1823336,2402141
170923,581522,1463408,2044930
160489,579576,1475824,2055400
192243,869314,1627468,2496782
163486,651942,1386519,2038461
188240,540304,1834898,2375202
166351,549805,1554532,2104337
188460,637930,1767212,2405142
147823,411678,1403797,1815475
204514,723834,1922348,2646182
179243,646618,1621030,2267648
196762,760299,1779005,2539304
163214,445055,1435455,1880510
114786,440912,1072433,1513345
159706,783277,1292879,2076156
165649,879131,1382129,2261260
156186,677524,1261725,1939249
147846,480714,1220597,1701311
174365,658697,1565632,2224329
173883,729016,1496603,2225619
169627,768348,1336802,2105150
134069,542236,1245227,1787463
153336,500431,1160194,1660625
51654,188907,598108,787015
142731,744586,1156759,1901345
160951,769729,1149992,1919721
108283,464639,839226,1303865
165173,759282,1462741,2222023
160166,717352,1328302,2045654
164844,573877,1374792,1948669
171758,508384,1611445,2119829
26422,76742,231365,308107
169342,695020,1609208,2304228
159563,772219,1247959,2020178
164667,716134,1385170,2101304
170660,635446,1443779,2079225
154843,533986,1356765,1890751
52060,198401,48790,247191
0,0,595,595
41768,8878,530368,539246
17191,130150,81653,211803
957,5934,598,6532
1433,0,121066,121066
10288,17802,42271,60073
23115,171388,105727,277115
1431,11830,763,12593
15279,64995,180566,245561
32563,226179,240436,466615
22974,142591,120748,263339
238,0,762,762
15519,115461,174946,290407
38916,313114,231495,544609
32370,283410,87486,370896
3335,38405,762,39167
18917,106490,202012,308502
38456,337722,217012,554734
41332,334508,150941,485449
4265,35263,144907,180170
46468,362743,225673,588416
64860,575345,379606,954951
97104,676604,598956,1275560
111814,759241,705731,1464972
109877,700453,733451,1433904
125485,625950,1004407,1630357
173628,710754,1529552,2240306
167525,641000,1411257,2052257
187173,611860,1805145,2417005
178683,409454,1792325,2201779
184139,492250,1876699,2368949
200226,632225,1901326,2533551
195254,811644,1671314,2482958
174261,687809,1417244,2105053
147345,489267,1316845,1806112
195082,718463,1798214,2516677
190456,592291,1795588,2387879
172503,518012,1895132,2413144
184063,725742,1740161,2465903
183105,651271,1706920,2358191
180813,549020,1740278,2289298
180092,621661,1690320,2311981
194738,750825,1725574,2476399
177027,572517,1682249,2254766
192167,493701,1937186,2430887
196621,680649,1798740,2479389
158691,587668,1428911,2016579
195972,746006,1745722,2491728
184712,629500,1684501,2314001
189428,572146,1841821,2413967
184752,674846,1628468,2303314
190741,816298,1664221,2480519
168750,599971,1451571,2051542
148129,437970,1360644,1798614
116103,348835,1158023,1506858
140452,603207,1158746,1761953
161453,856110,1339259,2195369
152678,663802,1164981,1828783
150292,592567,1217263,1809830
143096,531049,1123232,1654281
125375,495870,1224914,1720784
150422,709480,1292519,2001999
141694,765546,1070744,1836290
152034,771389,1139530,1910919
145537,570048,1226007,1796055
162195,621311,1310706,1932017
136810,448127,1186012,1634139
111975,451039,1012912,1463951
135347,569321,1074268,1643589
136773,719689,1158078,1877767
148553,869413,1081376,1950789
120849,638626,869911,1508537
132060,582467,1110564,1693031
146266,498322,1205435,1703757
135420,518615,1159993,1678608
147384,709072,1159089,1868161
149483,793539,1253623,2047162
139410,689342,915359,1604701
121944,532535,1139599,1672134
150706,536458,1252473,1788931
119550,388006,973007,1361013
99574,491519,837668,1329187
117882,615162,829845,1445007
119601,656526,927537,1584063
127486,853627,878177,1731804
110933,688024,697461,1385485
114865,675559,815260,1490819
117712,579123,698451,1277574
114271,569157,781234,1350391
101329,548007,824244,1372251
163434,721783,1464562,2186345
163272,713538,1314157,2027695
173127,648476,1605328,2253804
173355,478850,1532309,2011159
116048,345006,1157836,1502842
160350,639111,1342588,1981699
145403,726738,1160746,1887484
151633,805993,1196011,2002004
120226,597893,880041,1477934
153915,726375,1287025,2013400
151720,594571,1311040,1905611
153938,508209,1309171,1817380
138029,444178,1063974,1508152
95407,423141,972617,1395758
161333,789570,1403134,2192704
141289,783279,995662,1778941
140612,557255,1038957,1596212
145766,528667,1183990,1712657
107897,314169,1178807,1492976
167071,756496,1443715,2200211
152391,584076,1282432,1866508
160746,701932,1392673,2094605
162784,709738,1304237,2013975
164189,623141,1495429,2118570
160914,517770,1391711,1909481
159881,597719,1390523,1988242
174009,826928,1525527,2352455
163353,792954,1287025,2079979
155404,619608,1243413,1863021
121859,412741,928049,1340790
82129,121022,596110,717132
