3067,26032,12928,38960
8483,132900,150649,283549
15831,252254,288511,540765
17715,227287,304843,532130
12057,247859,217947,465806
13258,258209,295779,553988
18060,250599,338885,589484
18092,355778,321638,677416
21434,251768,287150,538918
27847,219240,433656,652896
30341,250351,498614,748965
31825,156702,611190,767892
33458,147781,515787,663568
33826,131796,635506,767302
38448,174797,590592,765389
41256,222624,539278,761902
38577,214506,498959,713465
39869,208508,360104,568612
45905,267104,475952,743056
51524,326462,412118,738580
53165,409712,321338,731050
51601,389515,306404,695919
48971,417397,325635,743032
55208,486478,322010,808488
61986,468290,406893,875183
68756,488116,466506,954622
72806,553098,463619,1016717
81002,649732,486716,1136448
88232,679310,469030,1148340
93377,701185,523896,1225081
89143,663703,428487,1092190
101745,672702,693197,1365899
103541,745439,625991,1371430
105690,622151,684298,1306449
110176,725065,684836,1409901
111609,672324,747568,1419892
123963,674689,906242,1580931
133878,685399,1121356,1806755
116879,680704,966363,1647067
130089,646227,913168,1559395
119410,580293,959008,1539301
143824,745098,1176440,1921538
150252,639702,1216224,1855926
111148,637382,779858,1417240
135706,657879,1215471,1873350
141659,466844,1228012,1694856
165274,683934,1442087,2126021
154404,700938,1177678,1878616
139084,626071,1098275,1724346
158610,604749,1476742,2081491
165233,755634,1355984,2111618
153287,662276,1440545,2102821
151504,581884,1229482,1811366
161825,814014,1348925,2162939
141580,635442,1074054,1709496
157909,726343,1284479,2010822
151439,606105,1359832,1965937
172388,613048,1487679,2100727
159850,824145,1226228,2050373
129010,694978,1104272,1799250
156214,700769,1158397,1859166
136998,602942,1106971,1709913
168618,798790,1490258,2289048
137315,567347,1087380,1654727
158920,626343,1314246,1940589
163585,624505,1354185,1978690
152811,439704,1575135,2014839
166607,680750,1498572,2179322
124403,593611,994043,1587654
156356,600787,1216207,1816994
138380,581864,1201974,1783838
161243,776762,1386299,2163061
152101,669929,1056976,1726905
141288,588951,1358526,1947477
150265,529962,1281748,1811710
92104,340261,879170,1219431
164155,840375,1434876,2275251
147579,682387,1170031,1852418
158937,622521,1327282,1949803
147017,536061,1253933,1789994
165254,782457,1475394,2257851
151633,591275,1055104,1646379
138134,516604,1262079,1778683
154599,705965,1339791,2045756
145497,848705,993088,1841793
117322,665302,815482,1480784
113219,528127,910126,1438253
152448,615395,1294817,1910212
141295,495409,1109015,1604424
148656,788536,1469859,2258395
159759,684473,1313071,1997544
117481,552786,859399,1412185
148159,796073,1170557,1966630
101418,381567,680426,1061993
161876,935557,1466491,2402048
140132,594463,917459,1511922
128044,589148,889433,1478581
24658,0,596,596
182,2951,594,3545
38244,263243,415636,678879
43955,204392,280312,484704
0,0,794,794
237,2948,594,3542
38151,242449,448363,690812
55450,306906,249192,556098
1428,0,762,762
1428,20666,12828,33494
39820,532825,225162,757987
77556,657413,309965,967378
14311,0,762,762
0,0,6673,6673
66169,635935,457673,1093608
90965,607665,516274,1123939
8488,0,763,763
0,0,6679,6679
62260,534366,438802,973168
78842,631847,285861,917708
6602,2969,763,3732
32373,384459,177982,562441
59828,670322,270651,940973
63759,583195,457775,1040970
65634,541426,548491,1089917
67363,523228,655894,1179122
72674,480815,713609,1194424
71566,389199,828544,1217743
67999,272801,854001,1126802
84393,272632,1154524,1427156
85921,371644,993973,1365617
126193,570384,1301037,1871421
151413,667888,1389976,2057864
141630,650452,1244292,1894744
162377,705774,1387068,2092842
131444,536149,1059654,1595803
167645,785518,1577601,2363119
147614,653835,1110385,1764220
152063,657873,1272032,1929905
152609,587029,1439841,2026870
167460,676703,1455817,2132520
165213,624412,1519157,2143569
150295,575387,1290398,1865785
161581,830485,1302516,2133001
136904,517117,1109201,1626318
154880,766626,1349882,2116508
131072,642420,918618,1561038
155736,556431,1343576,1900007
151027,626379,1157184,1783563
125864,787681,1061238,1848919
144568,699831,975127,1674958
113394,689724,761919,1451643
125701,545248,977011,1522259
134174,538255,1123479,1661734
144363,618400,1246365,1864765
148708,822223,1023493,1845716
39814,186957,329131,516088
126469,782537,946813,1729350
113666,784678,656595,1441273
115325,532587,869736,1402323
93685,331659,492839,824498
109088,558572,1133812,1692384
118470,479386,741311,1220697
95197,740733,961753,1702486
135271,669285,855161,1524446
90588,522575,669798,1192373
148692,768429,1109360,1877789
84664,265298,625940,891238
125267,433801,1237162,1670963
115730,565039,836254,1401293
141960,728200,1158182,1886382
138240,620834,1018256,1639090
93591,307086,904711,1211797
147638,698244,1244841,1943085
103142,528935,872658,1401593
134936,686895,1063764,1750659
87778,348840,567498,916338
109708,504391,1036245,1540636
115817,699303,825366,1524669
144203,680434,1160582,1841016
137061,660898,1166187,1827085
96947,533308,693008,1226316
129877,811470,825423,1636893
116374,576900,912495,1489395
117518,505800,995730,1501530
94608,460983,718647,1179630
95181,603619,689106,1292725
107474,760917,609493,1370410
127629,643490,958195,1601685
151475,666395,1237580,1903975
125240,429654,1160045,1589699
144102,648073,1165155,1813228
140102,744289,1067546,1811835
156554,625518,1366803,1992321
141429,647994,1208765,1856759
155278,688787,1315379,2004166
149191,698549,1186066,1884615
147315,579215,1307527,1886742
168729,676722,1503653,2180375
139287,577999,1229806,1807805
164319,646373,1480666,2127039
144591,638442,1233194,1871636
163137,789350,1290806,2080156
153647,555234,1178266,1733500
124587,563300,1204306,1767606
162097,879061,1392394,2271455
143447,684361,992307,1676668
148506,544410,1320685,1865095
122737,466473,1066050,1532523
164247,823403,1361226,2184629
124019,575722,921702,1497424
163483,629252,1423528,2052780
165374,587420,1476126,2063546
148334,804087,1206045,2010132
138208,624578,873343,1497921
126264,620403,1025321,1645724
156454,726666,1171246,1897912
105179,625624,908714,1534338
168111,730375,1248595,1978970
137824,642357,1043466,1685823
125860,552099,1142891,1694990
155768,712092,1386395,2098487
133679,732521,937275,1669796
139501,641658,1125706,1767364
141110,553308,1159074,1712382
164976,783465,1383893,2167358
141797,649764,1114719,1764483
158096,585279,1429533,2014812
161024,780462,1569798,2350260
140812,592020,977188,1569208
132504,727302,1005396,1732698
136808,466682,1245240,1711922
142843,517018,1253288,1770306
150915,757382,1241704,1999086
154594,786173,1143477,1929650
123098,553180,921463,1474643
139478,594250,1272499,1866749
160925,713549,1438931,2152480
143319,602219,1209306,1811525
143059,794385,1033379,1827764
112051,564088,852331,1416419
152538,571289,1265679,1836968
147775,560781,1106026,1666807
134635,744619,1253836,1998455
148575,793519,1091197,1884716
134086,643330,894541,1537871
146342,569450,1390248,1959698
148926,514859,1255603,1770462
157216,672544,1344041,2016585
155066,791659,1259665,2051324
155171,663492,1147946,1811438
155695,628711,1318434,1947145
144476,553647,1322374,1876021
148568,685279,1258916,1944195
145059,795164,1020716,1815880
127201,627369,824363,1451732
137711,700365,1294773,1995138
161109,681871,1381577,2063448
150695,422922,1110641,1533563
137588,615844,1349958,1965802
168791,849574,1401796,2251370
117944,454850,613033,1067883
123918,705063,1090498,1795561
154768,644902,1388979,2033881
150433,589810,948359,1538169
547,2952,595,3547
182,2957,596,3553
47582,322047,445410,767457
32677,159713,183856,343569
0,0,597,597
0,0,181026,181026
58527,476135,358359,834494
58696,340247,235095,575342
238,2955,571,3526
8264,159332,84678,244010
77047,726245,391383,1117628
70440,408744,268444,677188
0,0,761,761
1830,26651,27595,54246
45294,474439,258807,733246
45336,419402,178158,597560
0,0,762,762
1418,14817,18575,33392
24658,281204,198538,479742
40875,330818,204958,535776
182,2956,762,3718
19771,233439,165343,398782
40934,387605,258961,646566
43270,480990,216240,697230
45052,447623,304319,751942
49987,392349,412684,805033
56487,399044,464219,863263
61069,349595,593336,942931
63138,263406,669532,932938
74920,325379,842684,1168063
92462,481663,908070,1389733
97324,594152,734156,1328308
83595,418111,822890,1241001
96446,342823,1116834,1459657
100232,321688,1234097,1555785
92763,282002,1073143,1355145
104878,325824,1249741,1575565
89304,225068,1156971,1382039
111276,469626,1136724,1606350
109413,431986,1151659,1583645
110813,542933,1086789,1629722
114207,514899,1144196,1659095
108217,520811,1017683,1538494
120897,559104,1107167,1666271
103987,422106,1024675,1446781
128747,549075,1331026,1880101
126831,726139,1000682,1726821
138916,670706,1101152,1771858
143015,561354,1216484,1777838
125281,712042,1028097,1740139
135155,693895,1035459,1729354
123862,461151,1070388,1531539
154733,733618,1343568,2077186
105244,658199,745176,1403375
134511,689305,924268,1613573
119774,564512,904876,1469388
150973,603265,1438230,2041495
129832,322833,1061087,1383920
138308,688968,1387522,2076490
166058,827987,1435343,2263330
124759,676339,794254,1470593
135719,603620,1098168,1701788
136246,482420,1103533,1585953
142966,566128,1296116,1862244
155880,791166,1102311,1893477
140121,637071,1288353,1925424
159952,505683,1405295,1910978
111095,422734,1061540,1484274
162761,753588,1301650,2055238
134810,766992,1107304,1874296
122245,698574,776539,1475113
130605,678290,1063286,1741576
153198,555422,1232955,1788377
153144,774253,1268688,2042941
131427,665334,1019924,1685258
159989,642937,1235876,1878813
144410,657866,1113294,1771160
158181,692285,1435637,2127922
115290,402258,926264,1328522
153691,848171,1284224,2132395
138839,695334,1031853,1727187
152268,589581,1299210,1888791
153439,638860,1243931,1882791
145192,826798,1033991,1860789
117957,721806,806783,1528589
123982,536366,1019782,1556148
136301,719976,1048286,1768262
147218,691394,1174693,1866087
158007,595940,1418439,2014379
137488,491442,1135268,1626710
146426,681991,1271565,1953556
150419,901458,1031748,1933206
123860,573179,960263,1533442
148003,615250,1276507,1891757
125220,355588,1120459,1476047
147963,618488,1331688,1950176
152879,718056,1253032,1971088
159547,670989,1378755,2049744
157502,757498,1288298,2045796
143400,587410,1206929,1794339
167382,780511,1380948,2161459
106287,345838,792614,1138452
136337,543241,1251182,1794423
142469,784425,1193508,1977933
143117,698498,954293,1652791
136436,646611,1162685,1809296
151139,645573,1308089,1953662
153971,733713,1291867,2025580
146703,781837,1129688,1911525
128486,607381,903738,1511119
123980,552007,1066465,1618472
152071,793143,1343669,2136812
154450,614751,1186189,1800940
150035,669520,1264836,1934356
144037,505796,1205379,1711175
142464,608545,1205856,1814401
149186,866260,1288575,2154835
131042,570607,928657,1499264
149336,613305,1260526,1873831
127092,423128,1005093,1428221
144714,712826,1390001,2102827
142148,690893,963145,1654038
134050,644776,1168986,1813762
148195,450109,1251310,1701419
130203,699526,1108317,1807843
151957,685702,1221282,1906984
121105,722621,859746,1582367
149311,632362,1074144,1706506
146283,671711,1174503,1846214
156378,746032,1349698,2095730
149881,534124,1262190,1796314
126847,574876,1064873,1639749
153742,775046,1191938,1966984
118796,599444,937187,1536631
146810,605432,1332548,1937980
147470,750727,1203727,1954454
141596,728878,1079878,1808756
144019,558813,1233006,1791819
140381,461015,1157784,1618799
153549,701974,1256186,1958160
148577,869753,1246376,2116129
132885,642605,869637,1512242
110216,430707,899102,1329809
158865,842278,1410440,2252718
143517,577754,1027848,1605602
145013,606291,1243434,1849725
165729,640389,1473891,2114280
123092,439888,1051998,1491886
158748,782616,1389355,2171971
157210,623220,1193788,1817008
157909,627215,1401008,2028223
148583,826912,1207462,2034374
137619,650898,978276,1629174
140120,581139,1234296,1815435
126192,376585,1107706,1484291
163658,722869,1393549,2116418
146408,849659,984679,1834338
121076,602902,904303,1507205
153278,676905,1350936,2027841
158729,811457,1385910,2197367
154458,596129,1100832,1696961
145750,625244,1371431,1996675
152795,711821,1408073,2119894
106415,320697,508409,829106
183,0,3018,3018
19529,159864,292354,452218
89269,725139,578131,1303270
97722,777295,559300,1336595
114468,966706,604975,1571681
80878,424301,274559,698860
98548,767863,598184,1366047
98815,573806,705880,1279686
124527,608430,1112552,1720982
154150,672798,1337855,2010653
129973,703208,980431,1683639
155300,659317,1329153,1988470
152887,806158,1142321,1948479
132266,644222,1009872,1654094
146075,541096,1293798,1834894
139086,675128,1079778,1754906
144380,675645,1144373,1820018
136108,509075,1170217,1679292
157767,622849,1399616,2022465
145652,668848,1239807,1908655
158020,795214,1238728,2033942
156684,639918,1335804,1975722
137551,458000,1259982,1717982
160608,641092,1392992,2034084
142317,750823,1060735,1811558
131440,832444,889518,1721962
111297,595678,852520,1448198
145947,585506,1073174,1658680
155253,560148,1381443,1941591
143648,521106,1289444,1810550
162196,826886,1387629,2214515
144400,636316,990449,1626765
153755,720847,1423146,2143993
149797,487466,1200535,1688001
147117,516315,1390940,1907255
162246,673571,1196134,1869705
137729,895498,1267563,2163061
131551,631736,947045,1578781
135209,539529,1076486,1616015
158370,757835,1342880,2100715
116270,394201,503557,897758
0,0,595,595
389,124199,196105,320304
80238,430834,558722,989556
54860,224784,280192,504976
0,0,596,596
238,5919,154047,159966
31635,277253,141181,418434
69584,498077,300748,798825
183,2962,762,3724
8532,200042,144636,344678
91162,754338,484829,1239167
78642,387423,367180,754603
0,0,572,572
1190,20662,6673,27335
953,0,762,762
2175,20672,30518,51190
50441,465645,411249,876894
68954,413014,394355,807369
239,2963,762,3725
23680,230423,174519,404942
37087,298959,249898,548857
38742,313491,285755,599246
45752,360550,331119,691669
48295,292877,457191,750068
50730,337524,406674,744198
56590,275128,601854,876982
59550,268896,637677,906573
56960,165149,749257,914406
78040,172010,1110765,1282775
82418,230792,1071737,1302529
112274,387518,1252526,1640044
123427,574272,1074631,1648903
152638,717207,1405364,2122571
147213,752577,1185117,1937694
159030,493732,1455731,1949463
166442,685008,1474939,2159947
138079,739680,1119386,1859066
144184,684212,1009314,1693526
113395,562939,1066514,1629453
156411,872654,1379778,2252432
123702,588965,919401,1508366
155499,687551,1272505,1960056
165771,620395,1270836,1891231
137617,520866,1247072,1767938
160179,827837,1390830,2218667
143861,661792,1134432,1796224
149923,667956,1140019,1807975
126213,556443,1105213,1661656
156120,551785,1382625,1934410
149417,820968,1059498,1880466
96242,584884,671123,1256007
114927,779584,759249,1538833
134664,512375,1008788,1521163
164264,677644,1529545,2207189
141764,546262,1242950,1789212
159405,697467,1331544,2029011
153643,738134,1235638,1973772
165390,559422,1440873,2000295
146272,548284,1204488,1752772
143272,838955,1240370,2079325
139071,640198,991828,1632026
131145,595827,1131356,1727183
160534,781232,1380557,2161789
150443,678277,1199121,1877398
165253,556435,1446050,2002485
152260,520856,1292770,1813626
154715,811523,1377230,2188753
151826,649187,1035654,1684841
155864,672892,1447604,2120496
160563,555651,1371216,1926867
111106,459239,965634,1424873
158232,928875,1210170,2139045
128740,586426,922371,1508797
150549,638389,1191554,1829943
150355,590937,1295741,1886678
139331,664503,1252304,1916807
158515,735545,1272342,2007887
145671,770343,1038666,1809009
126890,583160,937095,1520255
133919,629933,1149612,1779545
156168,660602,1440628,2101230
148508,672279,1062724,1735003
144848,642495,1119803,1762298
145164,641393,1364523,2005916
108682,378098,892468,1270566
162183,707874,1386053,2093927
147355,939773,1242036,2181809
139568,623151,964781,1587932
137076,521149,1119075,1640224
160185,673169,1385451,2058620
163184,798357,1239540,2037897
141036,715408,1173255,1888663
142134,610990,1137211,1748201
148199,569849,1223685,1793534
160122,841713,1394549,2236262
129305,565902,935886,1501788
163568,653682,1419507,2073189
164583,447686,1256986,1704672
113150,645474,1106785,1752259
161078,843427,1239307,2082734
132965,524120,1032766,1556886
164824,692630,1572955,2265585
144751,501845,1109243,1611088
139601,762488,1240440,2002928
143372,711604,1028996,1740600
139947,676339,887942,1564281
137390,651827,1244884,1896711
148151,654127,1157818,1811945
155776,667340,1312337,1979677
137667,686760,1053956,1740716
155169,781020,1341965,2122985
137619,794056,1038955,1833011
139623,576313,899135,1475448
146230,610157,1208175,1818332
143616,719003,1342841,2061844
162597,760086,1381396,2141482
146853,695147,1213001,1908148
157439,578881,1253583,1832464
118554,346516,973317,1319833
131333,518171,1198410,1716581
128565,682994,979194,1662188
149286,954253,1046415,2000668
111203,555114,694062,1249176
132191,648160,1182466,1830626
152103,504911,1273797,1778708
138571,738098,1157026,1895124
145407,713475,1007620,1721095
121099,646748,1048961,1695709
143422,576052,1041831,1617883
143845,534220,1108484,1642704
127583,771957,1155983,1927940
138619,669013,942395,1611408
117616,695478,1034490,1729968
164063,673208,1363769,2036977
152301,769150,1114719,1883869
145894,550720,1317721,1868441
153197,503048,1158453,1661501
150324,524165,1244827,1768992
11321,79856,111002,190858
106865,714467,955673,1670140
136872,821514,823723,1645237
98889,599816,682591,1282407
142756,652513,1168193,1820706
125167,561904,929628,1491532
138996,749246,1106282,1855528
140031,807347,869526,1676873
114246,699475,870767,1570242
134164,550621,1070060,1620681
137271,508903,1121165,1630068
159105,739391,1349448,2088839
141387,860691,1105280,1965971
148896,633396,1124664,1758060
136180,566816,1090209,1657025
152554,830704,1342139,2172843
150501,587621,1155700,1743321
135480,657553,1138061,1795614
161887,570768,1351558,1922326
155975,618303,1305911,1924214
159311,701064,1437231,2138295
133282,765059,922695,1687754
134162,592398,964762,1557160
141940,618422,1169980,1788402
142340,628918,1245060,1873978
156899,755432,1281066,2036498
146423,683086,1191100,1874186
156361,614767,1322920,1937687
121407,352584,772167,1124751
104239,414096,1139313,1553409
155219,729737,1245375,1975112
152193,851965,1153444,2005409
122788,658894,899474,1558368
135960,611440,1002761,1614201
150252,636571,1395463,2032034
139048,587595,1113885,1701480
154462,912014,1304598,2216612
143658,527775,1104203,1631978
164482,663231,1384202,2047433
167211,699503,1479101,2178604
140039,799078,1120993,1920071
145780,679213,1034597,1713810
109537,645616,822891,1468507
167218,618389,1406273,2024662
146708,580533,1228094,1808627
166890,766020,1533073,2299093
160261,684233,1171549,1855782
151089,565258,1249111,1814369
155785,617638,1515172,2132810
142939,758021,1110376,1868397
139894,661636,1043905,1705541
127344,582908,1022296,1605204
167094,651189,1530541,2181730
149808,544794,1159096,1703890
157155,855662,1417487,2273149
143764,620832,944415,1565247
129827,624069,1260954,1885023
167582,721315,1428170,2149485
141304,635131,1070405,1705536
164243,862006,1425540,2287546
154942,580855,1180788,1761643
155927,661228,1252367,1913595
155534,623187,1277427,1900614
151554,506040,1425685,1931725
156248,817816,1353276,2171092
150576,684151,1247253,1931404
156670,556753,1326433,1883186
153218,530267,1274535,1804802
154774,639919,1390524,2030443
148736,765473,1159359,1924832
152277,801780,1108316,1910096
143226,552601,1247956,1800557
118086,506955,931470,1438425
162448,816110,1353767,2169877
138061,596366,975171,1571537
156165,700853,1377512,2078365
146643,580289,1206360,1786649
155992,730712,1341993,2072705
166916,768404,1250438,2018842
137558,727657,1188069,1915726
161064,550009,1338076,1888085
143872,490988,1219255,1710243
148688,620487,1301489,1921976
146497,861414,1233097,2094511
124165,510251,778976,1289227
136006,542401,1037376,1579777
127697,489333,1251200,1740533
159469,788015,1338243,2126258
157442,780835,1153392,1934227
122027,668597,726061,1394658
137362,557030,1346915,1903945
149974,537923,1318706,1856629
128626,608452,1060979,1669431
156294,868534,1175436,2043970
125409,598336,907505,1505841
149988,588411,1253100,1841511
158643,598088,1339066,1937154
112846,553209,975761,1528970
156409,839889,1254860,2094749
128922,612044,967179,1579223
44511,6108,596,6704
0,0,795,795
10576,47367,145312,192679
0,0,794,794
0,32597,72854,105451
52831,254660,515043,769703
44228,171757,346687,518444
0,0,763,763
7013,91808,142273,234081
59801,302729,567496,870225
51472,300299,316371,616670
0,0,762,762
960,17718,9490,27208
19932,174367,168581,342948
20259,130246,135589,265835
182,2958,763,3721
3746,47348,60754,108102
31364,260000,249565,509565
37589,251603,228930,480533
182,2947,762,3709
19150,252197,105621,357818
31281,342604,174204,516808
37127,406048,184052,590100
42069,366909,285920,652829
45130,331157,364092,695249
30361,138855,252616,391471
42144,215938,430302,646240
45255,153961,566024,719985
47691,121353,635542,756895
45778,150444,551219,701663
51085,127661,734151,861812
45393,76877,722134,799011
54534,97717,867882,965599
62476,147883,873290,1021173
55540,91446,900483,991929
59777,88807,1042143,1130950
69673,144928,1042229,1187157
89257,189313,1308018,1497331
102336,256983,1259924,1516907
134938,476151,1442425,1918576
138750,596451,1022865,1619316
104244,600465,915252,1515717
127361,928411,808240,1736651
102749,595565,720801,1316366
123408,574217,995960,1570177
142982,612594,1203795,1816389
159015,546271,1345756,1892027
152329,668478,1292747,1961225
144231,772231,1204124,1976355
144112,590520,999126,1589646
126275,750421,1031334,1781755
142728,655565,1073214,1728779
122501,705310,957583,1662893
142400,410437,1202233,1612670
136238,681618,1202625,1884243
163744,781470,1247320,2028790
134215,586344,960939,1547283
147933,724601,1355686,2080287
160587,660078,1195150,1855228
143854,698176,1216548,1914724
148775,701490,1390307,2091797
141645,748389,1156476,1904865
159646,592883,1127557,1720440
132857,559772,1143281,1703053
121620,461481,1069060,1530541
151375,868343,1239585,2107928
129177,648679,1027458,1676137
137417,544327,1044750,1589077
113591,423717,941118,1364835
140946,621208,1256831,1878039
126448,520616,781658,1302274
147600,972861,1320990,2293851
117688,541702,758547,1300249
152198,671486,1294524,1966010
148484,585512,1216173,1801685
132912,522018,1164259,1686277
157818,831283,1338485,2169768
132527,663658,926491,1590149
139478,561804,1039710,1601514
134424,450827,1089677,1540504
132712,553478,1295157,1848635
150575,678690,1256831,1935521
140020,917347,1044983,1962330
120791,602673,656037,1258710
108467,636645,947665,1584310
125414,596800,1124506,1721306
114309,461674,965880,1427554
154450,837334,1259785,2097119
143578,671446,1048087,1719533
127062,633924,984939,1618863
160889,762049,1403165,2165214
144325,669632,1124874,1794506
155502,582608,1206481,1789089
138525,577565,1132387,1709952
147302,663124,1244044,1907168
135429,743438,886826,1630264
135766,786357,967065,1753422
115411,654808,941124,1595932
146004,654844,1091523,1746367
145655,620681,1256021,1876702
133760,630381,1025316,1655697
147598,921810,1042722,1964532
97152,543468,703264,1246732
142383,672553,1068446,1740999
140023,682553,1010747,1693300
135309,784086,1157370,1941456
133191,662997,924948,1587945
111914,434868,915289,1350157
163929,710356,1433370,2143726
123546,721470,805437,1526907
150746,658586,1056226,1714812
125499,570634,981756,1552390
137818,562510,1266102,1828612
155107,790833,1384388,2175221
128813,675242,1023828,1699070
147449,688894,1038440,1727334
108824,464453,853657,1318110
165614,793407,1428929,2222336
141486,672504,1072235,1744739
157542,794219,1325408,2119627
139818,760295,930360,1690655
129698,574759,1041333,1616092
164282,592723,1370356,1963079
121522,398774,1120654,1519428
139637,681130,1104587,1785717
137061,797033,1142695,1939728
137945,811455,738292,1549747
105718,521753,931092,1452845
147213,581867,1285421,1867288
164028,634502,1390067,2024569
125114,565496,1019589,1585085
170154,894316,1417975,2312291
107268,520229,529026,1049255
124445,576344,1146070,1722414
142122,570271,990107,1560378
151851,779177,1334071,2113248
157680,560805,1398517,1959322
86178,325616,791683,1117299
157105,832263,1263424,2095687
116215,533839,738349,1272188
157879,763785,1434739,2198524
119458,402421,880505,1282926
158626,581821,1525066,2106887
151318,750577,1254511,2005088
101135,384868,614019,998887
83116,477453,744380,1221833
96344,437581,700141,1137722
142372,739093,1127349,1866442
134770,526394,1249804,1776198
154962,729996,1310128,2040124
135790,480944,1173202,1654146
144984,688998,1252957,1941955
161401,641127,1379389,2020516
130000,408427,1270487,1678914
147844,643565,1210906,1854471
100643,622026,621923,1243949
96653,381399,793449,1174848
102394,664525,567441,1231966
50960,253944,384922,638866
99192,553642,714496,1268138
61326,370052,526110,896162
106089,760871,614505,1375376
105471,654603,764822,1419425
139976,681003,1092404,1773407
124056,465169,1124431,1589600
146757,652645,1249614,1902259
135538,629219,992124,1621343
84833,366029,823226,1189255
119642,611344,1108911,1720255
119038,552713,1025469,1578182
136240,677292,1243310,1920602
83513,342924,619515,962439
64898,259912,598004,857916
91226,524145,795646,1319791
126179,688925,966777,1655702
130530,591005,1077338,1668343
27758,100628,243964,344592
91922,518870,765845,1284715
96733,708200,628282,1336482
100652,636028,644248,1280276
79875,437660,545465,983125
21672,26715,75304,102019
31638,222120,346633,568753
14555,20711,48146,68857
8953,76906,93363,170269
4261,23660,36088,59748
8254,29526,24029,53555
8348,67902,54078,121980
5329,44316,30061,74377
8433,68074,63229,131303
11423,100408,93440,193848
16002,124637,135468,260105
17358,124347,156663,281010
24767,133313,256389,389702
25010,136516,250634,387150
31170,112634,380061,492695
21226,76748,270423,347171
3816,14790,33105,47895
13776,38444,144478,182922
20202,94831,229330,324161
29440,135464,342855,478319
19412,74082,246971,321053
42412,106445,682676,789121
36585,92022,522113,614135
44052,145519,541264,686783
52277,171601,716899,888500
69870,248725,819422,1068147
71042,239608,881430,1121038
27169,109570,253063,362633
57729,271915,635319,907234
42270,208839,414414,623253
84949,388599,980412,1369011
50044,177273,501997,679270
140219,754380,1102102,1856482
150080,643964,1151365,1795329
120260,440538,1244771,1685309
165611,828532,1391900,2220432
145939,791229,1060942,1852171
133912,523905,1108960,1632865
142394,722957,1201930,1924887
146886,695250,1280725,1975975
147633,524739,1176779,1701518
155982,601283,1295737,1897020
132692,713200,1063092,1776292
141290,811305,1024304,1835609
114370,641143,607490,1248633
119298,744635,932698,1677333
144859,536380,1276864,1813244
156644,586550,1373588,1960138
168571,759833,1435439,2195272
157968,745919,1196676,1942595
137018,657153,1114138,1771291
141352,638740,1248224,1886964
142770,568249,1111611,1679860
159670,749555,1419456,2169011
141594,716522,1096976,1813498
167664,553214,1468883,2022097
144116,569860,1205315,1775175
115073,349327,647246,996573
0,0,594,594
10063,161742,336790,498532
62031,255407,262352,517759
0,0,596,596
15525,162894,340836,503730
106843,766051,673945,1439996
89598,454924,306872,761796
0,0,763,763
18058,333565,321658,655223
96701,702839,600745,1303584
62775,343535,202324,545859
0,2943,761,3704
22009,323345,147952,471297
83329,707609,367064,1074673
69944,360805,283450,644255
182,2957,572,3529
14910,242052,180866,422918
87063,678077,451494,1129571
64302,295207,348825,644032
238,2957,572,3529
9339,130105,75423,205528
37864,335509,237361,572870
43696,424404,270803,695207
44764,479507,271159,750666
51175,429503,379879,809382
55681,381283,491077,872360
55816,329295,536964,866259
66063,385472,600041,985513
64317,280926,671047,951973
84629,334728,957749,1292477
82448,278962,945247,1224209
110252,414549,1192781,1607330
148066,660183,1423269,2083452
145647,723339,1219146,1942485
165774,631251,1490086,2121337
133012,400031,1237561,1637592
159293,657426,1392432,2049858
138998,773254,1012642,1785896
159856,690001,1145084,1835085
123585,655075,1080625,1735700
146139,531908,1303470,1835378
158515,774327,1340617,2114944
133377,719809,939040,1658849
128327,619686,971439,1591125
124627,495805,1053892,1549697
165143,654932,1432579,2087511
152317,844378,1114870,1959248
148678,775987,1206050,1982037
139475,614737,1055276,1670013
161531,609017,1538536,2147553
165498,519135,1437486,1956621
129680,565646,1157749,1723395
159503,829893,1343349,2173242
132133,581769,825365,1407134
109703,569877,967298,1537175
158994,747823,1264459,2012282
158865,511862,1417744,1929606
156749,561675,1438256,1999931
161672,779454,1337521,2116975
145379,677346,986758,1664104
124348,585614,1135094,1720708
159273,766221,1428096,2194317
156642,541363,1209478,1750841
134735,584456,1154861,1739317
157337,783388,1342027,2125415
85679,380631,555625,936256
164551,904760,1348824,2253584
92415,331330,499470,830800
69430,426080,668504,1094584
107774,560730,754108,1314838
108232,775865,792410,1568275
109068,651180,592637,1243817
105326,653024,831146,1484170
130180,552032,1012154,1564186
58378,209867,463123,672990
120516,481429,1052276,1533705
112239,679346,579646,1258992
84619,466568,667767,1134335
114763,681888,789151,1471039
130251,628233,1054495,1682728
156051,561594,1426974,1988568
133864,604326,1125699,1730025
149920,783661,1124066,1907727
145663,579594,1282013,1861607
142338,437285,1323830,1761115
141573,576303,1202993,1779296
155397,866214,1144152,2010366
144020,635695,1151576,1787271
145141,572160,1258300,1830460
159990,759093,1282796,2041889
122190,552847,895946,1448793
143415,666145,1297629,1963774
123582,622733,956723,1579456
149413,683055,1260475,1943530
146256,677653,1159040,1836693
134289,552732,1255092,1807824
147977,613046,1292444,1905490
150547,568355,1397176,1965531
162206,641943,1487780,2129723
166392,660835,1523415,2184250
171606,723649,1436445,2160094
163515,578665,1564834,2143499
167508,529389,1489769,2019158
127690,602621,1060691,1663312
161173,850113,1216382,2066495
123121,588787,1017744,1606531
134050,535059,1097702,1632761
163778,783644,1435580,2219224
156939,683235,1163989,1847224
123519,672861,906768,1579629
146837,526137,1236388,1762525
155947,600645,1485324,2085969
160660,766682,1243155,2009837
152151,892719,1134066,2026785
119011,516508,729849,1246357
138791,684865,1228169,1913034
170222,569325,1529629,2098954
143565,526529,1344045,1870574
166526,772200,1477877,2250077
163654,646932,1247929,1894861
132755,420196,1177492,1597688
147146,488916,1414770,1903686
130678,574769,1091170,1665939
165461,775885,1356579,2132464
153349,510630,1382261,1892891
155643,564511,1414582,1979093
158700,765842,1253356,2019198
148998,510566,1413996,1924562
151559,520632,1375298,1895930
135918,620246,1117764,1738010
152235,742740,1197932,1940672
112987,450934,787921,1238855
136597,512466,1412849,1925315
166409,676310,1430110,2106420
155386,425702,1564596,1990298
168629,752324,1410874,2163198
153087,739092,1231386,1970478
162367,641555,1401715,2043270
155975,488442,1475111,1963553
160160,645224,1390927,2036151
136687,670292,1070530,1740822
146496,850867,910924,1761791
131220,578323,1192113,1770436
161049,551555,1485374,2036929
170005,781901,1488266,2270167
151096,721447,1330880,2052327
159448,652138,1290201,1942339
149267,403167,1222085,1625252
147227,465295,1209019,1674314
87264,527698,832500,1360198
155404,871280,1158348,2029628
132977,552595,1034470,1587065
156572,623616,1430202,2053818
170286,873929,1479890,2353819
146416,631886,1011071,1642957
161951,602163,1455418,2057581
165891,724589,1429723,2154312
175313,750806,1402698,2153504
136177,596005,997659,1593664
150981,609270,1394571,2003841
157647,500238,1397187,1897425
166387,860667,1500690,2361357
156539,732766,1179931,1912697
149731,652504,1300617,1953121
173519,589775,1353794,1943569
168369,577908,1571815,2149723
176709,533954,1626464,2160418
172128,821074,1508309,2329383
145778,595637,1004042,1599679
161304,637333,1602762,2240095
139593,502485,1209498,1711983
175694,858203,1578760,2436963
145992,704440,1158239,1862679
173581,554187,1421802,1975989
175306,729492,1597367,2326859
165820,729784,1436634,2166418
152653,731867,1155493,1887360
138441,499198,1255662,1754860
169728,608156,1385161,1993317
126356,597349,1015368,1612717
150059,852919,1071381,1924300
144366,552367,1182157,1734524
141828,548690,1342366,1891056
168161,890511,1410932,2301443
135893,626155,947115,1573270
153136,609302,1266734,1876036
147884,467366,1366795,1834161
152400,557734,1443279,2001013
154848,791764,1292221,2083985
160257,727563,1275625,2003188
145856,567412,1220996,1788408
130917,418087,976419,1394506
127303,611246,1206976,1818222
160048,860344,1343084,2203428
137769,717338,955972,1673310
123490,590378,1015292,1605670
153227,656423,1334114,1990537
152502,779987,1333921,2113908
140013,769746,1096355,1866101
130256,575979,979606,1555585
141567,626520,1157765,1784285
169532,582419,1434097,2016516
120188,498759,1022619,1521378
161628,1031501,1163564,2195065
103933,510630,766456,1277086
153595,634790,1271747,1906537
147536,552634,1299790,1852424
122195,612514,974105,1586619
153765,941648,1329423,2271071
118991,489865,774439,1264304
145840,635606,1217384,1852990
145990,480188,1251735,1731923
158900,948429,1341677,2290106
154574,536209,1160238,1696447
133867,656065,1157524,1813589
156872,680061,1066945,1747006
130186,643728,1242354,1886082
160588,497266,1434019,1931285
138661,517001,1253547,1770548
172373,868288,1480405,2348693
151565,646233,1242649,1888882
159177,593914,1359668,1953582
144457,388826,1205250,1594076
111243,467882,1062817,1530699
166080,871023,1427639,2298662
124721,522400,888577,1410977
146693,777601,1206769,1984370
147210,600354,1131074,1731428
154145,603757,1363729,1967486
164760,535931,1435979,1971910
159763,732199,1339446,2071645
156594,742618,1166405,1909023
137498,669492,1253854,1923346
163229,522961,1378361,1901322
137605,584515,1240792,1825307
163293,816099,1389716,2205815
155550,669607,1084676,1754283
142313,618755,1283875,1902630
38503,0,597,597
717,8898,797,9695
18875,23702,226171,249873
7616,73784,15549,89333
477,0,596,596
2866,8886,33634,42520
5621,62295,36229,98524
3657,41411,15429,56840
182,2948,760,3708
2599,41281,15284,56565
7378,103301,30032,133333
6885,65074,27472,92546
182,5907,762,6669
5692,55957,48370,104327
14529,139425,99339,238764
10452,94623,36471,131094
0,0,762,762
4102,47317,45424,92741
18023,180166,123249,303415
14629,97342,78384,175726
571,11820,12695,24515
13163,103497,117414,220911
23132,153824,219573,373397
33224,205945,333354,539299
52272,287528,532711,820239
74761,233485,950113,1183598
76584,147936,1107629,1255565
84401,206677,1162129,1368806
77877,145000,1150835,1295835
87458,130553,1381000,1511553
80769,165756,1294887,1460643
100448,301296,1184833,1486129
104903,366782,1274953,1641735
117231,554487,1107882,1662369
140742,700337,1225033,1925370
123593,570936,1072150,1643086
146173,735924,1153973,1889897
158384,577404,1470111,2047515
165879,724955,1439371,2164326
166843,859033,1393186,2252219
137031,660625,1075608,1736233
157152,499235,1363842,1863077
150054,539545,1338017,1877562
159407,794229,1389139,2183368
136008,697578,975341,1672919
129865,561583,1038507,1600090
150175,533314,1203062,1736376
128158,719131,1107014,1826145
146572,725414,1128533,1853947
136654,584624,1032501,1617125
149935,624666,1317479,1942145
147827,482565,1294877,1777442
154039,598198,1256799,1854997
151541,885842,1342468,2228310
119805,742381,972925,1715306
126129,545031,786679,1331710
134476,554458,1036895,1591353
164910,621456,1548277,2169733
154525,547039,1397028,1944067
161083,833126,1354806,2187932
126366,660563,964805,1625368
139606,813260,912651,1725911
105823,524533,768417,1292950
139910,555637,1064946,1620583
162997,577675,1563184,2140859
130501,389790,1156536,1546326
123478,584743,1066157,1650900
149215,875913,1150586,2026499
128972,582355,998506,1580861
142010,593904,1038771,1632675
147159,656567,1397817,2054384
163558,706662,1374948,2081610
140670,549872,1261267,1811139
163717,758748,1386763,2145511
155154,629429,1343445,1972874
161117,488123,1438748,1926871
109275,408280,927310,1335590
156283,784323,1438170,2222493
134304,675632,940383,1616015
130200,615042,966521,1581563
157498,609135,1465219,2074354
132192,558746,1022253,1580999
166865,940424,1441483,2381907
135461,578898,961294,1540192
156302,632384,1319674,1952058
162307,526470,1263874,1790344
148968,770574,1436641,2207215
162562,715063,1278043,1993106
142042,636056,1258709,1894765
164732,820782,1415265,2236047
145013,548222,1083420,1631642
165951,793969,1462693,2256662
153418,662968,1270950,1933918
165219,587458,1371197,1958655
162443,628912,1393029,2021941
123981,428499,989573,1418072
143671,704325,1255452,1959777
152829,861290,1125500,1986790
136464,568992,1055157,1624149
146058,668007,1293120,1961127
161773,716003,1390061,2106064
146426,758256,1010595,1768851
144253,661839,1133743,1795582
141090,614900,1225027,1839927
130167,519185,971932,1491117
144850,716093,1207458,1923551
141253,991958,951732,1943690
105399,552482,741989,1294471
127568,543206,976264,1519470
145798,643745,1205686,1849431
150948,678889,1336248,2015137
121478,533851,969291,1503142
134005,539437,1056717,1596154
125250,811983,1022402,1834385
138721,761985,958751,1720736
117070,602278,925018,1527296
162693,659649,1215779,1875428
136060,381276,1059845,1441121
141393,702493,1387960,2090453
157406,765760,1197030,1962790
145810,691312,1223702,1915014
156411,646502,1267350,1913852
138998,544137,1121196,1665333
150580,742885,1254170,1997055
137763,741777,980922,1722699
136534,694713,1158140,1852853
157363,552090,1280475,1832565
108597,351776,924713,1276489
155079,719644,1252031,1971675
145435,973715,1158657,2132372
123691,561496,798915,1360411
120231,640633,928331,1568964
149398,590164,1180530,1770694
151783,579972,1187078,1767050
134733,695836,1204397,1900233
150232,729788,1223090,1952878
135739,542935,1035678,1578613
139877,541594,1207819,1749413
124391,543699,1010442,1554141
164181,843054,1248514,2091568
115162,632700,942184,1574884
141614,525329,1105383,1630712
165792,781756,1557952,2339708
153406,702900,1330754,2033654
149679,562432,1126535,1688967
144509,566552,1331034,1897586
168517,665887,1467296,2133183
139775,642810,1208102,1850912
145353,824025,1074171,1898196
144007,740497,927458,1667955
132282,707876,1135731,1843607
152018,597670,1301556,1899226
154886,455167,1340924,1796091
169565,787743,1486875,2274618
166780,685616,1361130,2046746
148421,564239,1311861,1876100
146581,479826,1300049,1779875
148780,441231,1479533,1920764
136411,614017,1108513,1722530
141841,792437,1092246,1884683
132089,683444,881177,1564621
111164,664177,937497,1601674
158903,673539,1292260,1965799
145009,454962,1249181,1704143
154916,491523,1436650,1928173
154777,581312,1289803,1871115
157663,872562,1165380,2037942
101813,582644,694903,1277547
133464,638341,1232816,1871157
166216,580047,1412594,1992641
155283,567691,1398923,1966614
170307,794515,1485196,2279711
150700,654919,1086255,1741174
148358,628318,1360116,1988434
170010,497635,1436784,1934419
140474,464305,1340786,1805091
158856,799556,1347551,2147107
162792,756961,1315107,2072068
153254,623600,1266870,1890470
151405,511247,1299347,1810594
162293,634420,1434547,2068967
164789,814091,1317701,2131792
143283,718182,1146650,1864832
157584,496592,1364843,1861435
151870,512063,1339004,1851067
162317,659089,1437708,2096797
148942,828162,1156184,1984346
131615,604855,840325,1445180
125401,681956,1110761,1792717
152000,511370,1371323,1882693
167570,738573,1519015,2257588
143721,704438,1206460,1910898
148924,545403,1143034,1688437
151493,472137,1437147,1909284
162804,714435,1484349,2198784
146701,704933,1238663,1943596
163437,659760,1381907,2041667
150977,441461,1225439,1666900
123213,463968,1245307,1709275
173466,890164,1468045,2358209
140129,631589,1040765,1672354
168795,600131,1467214,2067345
148471,587127,1255354,1842481
165954,876590,1267225,2143815
133606,609438,1055340,1664778
168693,596024,1556395,2152419
177514,721246,1572432,2293678
140852,695219,1156138,1851357
147025,810871,1008510,1819381
132094,598317,1042837,1641154
172789,599924,1588437,2188361
160460,617415,1385874,2003289
173978,730014,1444028,2174042
162681,689102,1428678,2117780
157140,371065,1467211,1838276
164054,552921,1624318,2177239
172628,920874,1440878,2361752
148222,611669,1151629,1763298
148098,579644,1253016,1832660
171414,808285,1522403,2330688
153846,607016,1160137,1767153
158824,576259,1437531,2013790
155521,643806,1340429,1984235
138790,710491,1130548,1841039
133672,643444,983393,1626837
152145,584764,1316914,1901678
169479,560005,1569200,2129205
152034,598079,1295095,1893174
176955,910589,1427587,2338176
120081,588543,904438,1492981
131481,492048,1084952,1577000
177926,804012,1534193,2338205
156568,610591,1342174,1952765
156818,659918,1389520,2049438
163056,599778,1344810,1944588
167045,707127,1572148,2279275
168704,598174,1389697,1987871
156752,885041,1412987,2298028
80707,129601,186939,316540
183,2960,596,3556
6481,168428,256163,424591
87391,417475,608269,1025744
23871,74000,87355,161355
0,0,1192,1192
35401,288725,433575,722300
93425,776253,538377,1314630
44587,124206,123823,248029
182,2955,762,3717
50647,550603,469499,1020102
82850,663152,551083,1214235
48551,171590,105883,277473
0,0,763,763
46251,318732,495773,814505
93026,660047,532807,1192854
37043,129945,112024,241969
182,2959,761,3720
48429,514060,433155,947215
93882,782728,508211,1290939
45358,185939,60588,246527
5286,207017,165935,372952
100910,680370,602541,1282911
101531,805561,481961,1287522
101866,671510,604757,1276267
117062,614923,848946,1463869
138421,612167,1210796,1822963
159479,674533,1446171,2120704
140527,612127,1137000,1749127
150320,647061,1368711,2015772
162011,802630,1288305,2090935
145868,500536,1313179,1813715
155849,625404,1305071,1930475
121672,649919,1061557,1711476
145746,799501,981363,1780864
145209,556787,1234907,1791694
173011,601168,1571877,2173045
153699,583816,1388048,1971864
151393,731371,1246519,1977890
155934,813591,1274447,2088038
148824,547998,1238439,1786437
151372,702068,1340408,2042476
142741,666539,1247134,1913673
150640,725634,1248638,1974272
131911,520489,1023391,1543880
162880,709120,1476046,2185166
164487,709664,1354214,2063878
153264,506648,1417052,1923700
159372,523039,1434070,1957109
149301,988308,1201942,2190250
147388,570731,1130395,1701126
150800,643379,1270461,1913840
161339,585831,1351976,1937807
143121,517623,1107837,1625460
133773,903183,1157966,2061149
148935,652086,1081439,1733525
136267,601576,1158617,1760193
174649,557151,1600812,2157963
121495,292810,1022962,1315772
124733,422900,1156046,1578946
95887,451409,828682,1280091
153660,943132,1248487,2191619
119494,585593,692067,1277660
141818,657980,1243203,1901183
167093,653538,1440998,2094536
140933,419771,1200324,1620095
157234,687961,1286470,1974431
145089,770794,1151583,1922377
149041,836615,1071179,1907794
135112,561420,1001609,1563029
153577,675334,1478641,2153975
164805,747510,1361052,2108562
145351,640115,1275811,1915926
163039,601493,1336633,1938126
135881,462462,1207944,1670406
164680,877271,1388434,2265705
131213,638181,879113,1517294
133561,673742,1210853,1884595
139443,514296,998810,1513106
140204,711392,1156697,1868089
161498,873604,1287218,2160822
130716,611151,971140,1582291
145826,621401,1204457,1825858
145252,577316,1110946,1688262
149186,709231,1254364,1963595
154205,691965,1213302,1905267
148315,643542,1283542,1927084
163775,572186,1435512,2007698
153118,510972,1338568,1849540
174263,923767,1393710,2317477
135024,648495,1146857,1795352
178152,618545,1525986,2144531
146493,589639,1247486,1837125
152841,861741,1256823,2118564
141395,636457,1011006,1647463
144437,669043,1199211,1868254
149059,467060,1315055,1782115
140896,483526,1244518,1728044
161824,853729,1438988,2292717
151230,674162,1204565,1878727
163534,796961,1330699,2127660
137928,579010,861633,1440643
151489,588343,1458795,2047138
165931,775302,1444383,2219685
122994,404692,918364,1323056
159308,774153,1295719,2069872
140166,837386,1156071,1993457
126259,622079,731372,1353451
113360,736725,854140,1590865
149762,627859,1221508,1849367
152297,435054,1336024,1771078
141534,652965,1299803,1952768
144698,605904,1155955,1761859
141863,724947,1161066,1886013
160386,690024,1340425,2030449
142779,430525,1174224,1604749
130309,463962,1242677,1706639
153098,822601,1264280,2086881
140305,616855,1060391,1677246
141599,600059,1251344,1851403
124890,420176,1087669,1507845
104062,397719,828821,1226540
130444,749504,973576,1723080
143476,951985,966423,1918408
104801,545156,773150,1318306
151096,631416,1269562,1900978
154466,433350,1318677,1752027
124921,524287,1124024,1648311
160228,780607,1381910,2162517
142526,597173,1034403,1631576
155183,612937,1415032,2027969
136967,466905,1253757,1720662
150222,674169,1287517,1961686
151243,759886,1110538,1870424
131687,685970,1038206,1724176
134535,577808,1054012,1631820
157074,624579,1347673,1972252
160865,502472,1466800,1969272
129814,509887,1210451,1720338
162552,784047,1385840,2169887
147467,639264,1190496,1829760
139198,531731,1177123,1708854
162440,626976,1473433,2100409
165139,967639,1168044,2135683
121179,565346,894444,1459790
140965,561954,1065870,1627824
168008,607531,1636985,2244516
162721,530726,1472947,2003673
167771,891334,1528941,2420275
147711,646974,1018846,1665820
135686,584329,1113285,1697614
173081,489778,1652177,2141955
149603,446047,1340551,1786598
174136,840707,1615934,2456641
154398,697405,1153986,1851391
138753,467270,1151745,1619015
143610,523325,1356948,1880273
165311,785951,1524701,2310652
158439,597679,1341418,1939097
166463,682958,1408283,2091241
152266,542936,1452065,1995001
142190,410265,1336663,1746928
176593,811900,1527016,2338916
141394,707961,963427,1671388
141808,632626,1258668,1891294
164562,493559,1386144,1879703
166723,614521,1572880,2187401
171341,774374,1257832,2032206
125205,706781,1194443,1901224
162311,617688,1363305,1980993
139087,372649,1226113,1598762
161963,708827,1484628,2193455
170866,739408,1322051,2061459
151247,565007,1357032,1922039
170529,552292,1532726,2085018
151671,739277,1295147,2034424
163773,818023,1289223,2107246
140006,559929,1091486,1651415
162307,632375,1499794,2132169
148487,593665,1337282,1930947
163765,709207,1383802,2093009
153955,675726,1243572,1919298
161954,679158,1500179,2179337
169709,662333,1479327,2141660
151032,407367,1298228,1705595
117246,381968,1063356,1445324
147717,833394,1292384,2125778
146411,711843,1044413,1756256
131824,576402,1088274,1664676
160249,581661,1434291,2015952
155409,604211,1341619,1945830
147549,790691,1230942,2021633
155010,668616,1073585,1742201
132571,612022,1219930,1831952
151432,523746,1364067,1887813
159611,817746,1296261,2114007
150765,745869,1074356,1820225
141832,682136,1221486,1903622
158441,564459,1367717,1932176
146889,648311,1339982,1988293
149718,817693,1213013,2030706
128099,602715,896898,1499613
129039,584533,1039855,1624388
153106,646620,1313692,1960312
140212,435646,1144576,1580222
148154,690582,1344756,2035338
165845,894078,1232854,2126932
125856,597493,989337,1586830
155871,507029,1340036,1847065
132184,517762,1074445,1592207
160177,924135,1394845,2318980
132677,627114,939559,1566673
155227,638649,1318538,1957187
155446,540899,1338966,1879865
149008,662216,1206331,1868547
156662,810882,1274071,2084953
128345,735212,889098,1624310
136075,522819,1091748,1614567
136778,565057,1189392,1754449
144191,583162,1111390,1694552
150822,831395,1108868,1940263
135194,745879,1198220,1944099
141053,639434,969847,1609281
113813,455125,793846,1248971
140216,738166,1204201,1942367
133852,763498,1111651,1875149
138152,630981,995986,1626967
128767,595803,996545,1592348
148164,633496,1430918,2064414
161615,726376,1383185,2109561
149755,627875,1250837,1878712
166196,625664,1392248,2017912
153286,446297,1302744,1749041
129498,513492,1160660,1674152
138872,817526,1159684,1977210
150041,642443,1099500,1741943
152410,569267,1255077,1824344
131584,502001,1205845,1707846
165396,829976,1187884,2017860
28166,0,597,597
0,0,594,594
59704,525924,577368,1103292
97336,630108,599275,1229383
20492,0,595,595
0,0,596,596
38124,416607,388350,804957
92580,666730,412484,1079214
25614,47554,42831,90385
182,2958,763,3721
51994,519327,408608,927935
97693,707597,581472,1289069
28443,82779,51660,134439
365,5913,763,6676
28248,348507,288789,637296
97073,709690,547289,1256979
29797,76731,63627,140358
182,2950,763,3713
49067,343950,466592,810542
85924,660665,561117,1221782
22537,82980,54840,137820
9543,129853,186801,316654
87144,664666,513931,1178597
90321,628882,567305,1196187
95318,667968,595481,1263449
95400,585568,704397,1289965
105698,661283,753933,1415216
106233,554235,903100,1457335
111995,504710,1130256,1634966
120650,588957,1161906,1750863
131589,645460,1123422,1768882
131921,719209,1027474,1746683
149332,548877,1384304,1933181
163505,836504,1283894,2120398
134265,484597,1268734,1753331
170754,723204,1529038,2252242
155930,544740,1123701,1668441
152768,794208,1426675,2220883
165102,767541,1321780,2089321
139604,547440,1065593,1613033
164211,582489,1591477,2173966
149075,637833,1207036,1844869
165919,821333,1350615,2171948
145134,735823,1166358,1902181
154138,590060,1318788,1908848
163101,668793,1436707,2105500
129653,396538,1022472,1419010
137617,809280,1242419,2051699
149085,690615,1091421,1782036
131132,564682,1028508,1593190
147435,670439,1256356,1926795
165565,679301,1523825,2203126
163055,620454,1253542,1873996
153929,621347,1440300,2061647
158467,813286,1340343,2153629
139538,641829,902138,1543967
118814,669951,940795,1610746
131159,589981,1115367,1705348
159371,611933,1389478,2001411
150817,816962,1238153,2055115
149903,541657,1177537,1719194
144670,509472,1193706,1703178
153343,734975,1353433,2088408
137418,687029,981347,1668376
119409,591547,1008069,1599616
168683,729965,1505901,2235866
147406,566565,1142360,1708925
163249,660514,1520241,2180755
168768,418689,1389240,1807929
131492,457841,1342091,1799932
150399,637464,1257211,1894675
138349,862694,1145697,2008391
134089,759103,838871,1597974
127239,565390,1017329,1582719
154003,689840,1199969,1889809
149544,425947,1173474,1599421
140627,660429,1341060,2001489
153517,811573,1340876,2152449
139853,661405,1053307,1714712
141100,535848,1108402,1644250
147768,600713,1314346,1915059
138095,508189,1251694,1759883
136684,559044,1062103,1621147
148266,937338,1127635,2064973
126042,594558,946965,1541523
140734,568865,1151858,1720723
160827,669339,1399844,2069183
129076,512976,1060990,1573966
160468,874978,1348119,2223097
132017,713799,842750,1556549
144121,531883,1149644,1681527
155529,608614,1376087,1984701
101598,329673,922710,1252383
167245,861425,1390755,2252180
139810,767240,1141221,1908461
137682,642070,972399,1614469
142152,715419,1216867,1932286
156142,589579,1246529,1836108
148630,592228,1203896,1796124
160593,816177,1306522,2122699
135946,738428,1023395,1761823
156011,644848,1350760,1995608
154198,499159,1284361,1783520
130989,509061,1015046,1524107
145529,822455,1341188,2163643
153579,746893,1223418,1970311
143061,543111,1111148,1654259
149860,525404,1232485,1757889
141595,527398,1386285,1913683
156123,827530,1278312,2105842
127744,650970,990458,1641428
141933,535388,1131620,1667008
150745,582752,1282742,1865494
165382,708276,1392441,2100717
144931,778753,1208389,1987142
141386,689067,1040603,1729670
138423,493367,1164784,1658151
138126,481042,1205696,1686738
160229,680594,1437714,2118308
152744,814660,1142427,1957087
129518,548184,1028217,1576401
127092,421156,1067197,1488353
157645,784463,1383946,2168409
149533,755916,1085693,1841609
149852,622637,1310163,1932800
158697,507090,1303644,1810734
144828,713022,1292584,2005606
161650,777811,1294210,2072021
153432,531294,1343102,1874396
164080,476281,1435781,1912062
138674,506976,1304865,1811841
173175,852384,1622545,2474929
150440,584434,1061136,1645570
146564,674863,1260127,1934990
163115,575466,1470145,2045611
153516,500068,1349212,1849280
163824,821671,1408914,2230585
143397,601557,1064953,1666510
162279,629803,1490623,2120426
105352,295895,749938,1045833
84924,420042,791981,1212023
125803,720890,1013014,1733904
119769,728893,886063,1614956
121145,702769,904529,1607298
108708,426949,754063,1181012
120865,584151,882308,1466459
124646,876626,992345,1868971
123087,667198,602244,1269442
110205,703978,874671,1578649
126584,540174,935886,1476060
113025,582200,782023,1364223
115108,721057,836751,1557808
130942,806625,836047,1642672
111826,634065,660518,1294583
122203,668871,971990,1640861
126665,494406,949288,1443694
108548,406261,977478,1383739
128730,783404,1013268,1796672
128966,710786,929304,1640090
127164,845390,868953,1714343
106923,559341,671510,1230851
127154,466577,1089025,1555602
137627,547932,1158517,1706449
160469,958612,1186204,2144816
133443,619953,1121955,1741908
139603,523802,1054784,1578586
127897,440699,1158409,1599108
133726,730618,974612,1705230
146389,844452,1055300,1899752
118285,700840,883467,1584307
131070,623516,989195,1612711
145196,634581,1164360,1798941
118962,370339,900276,1270615
123345,549195,1108473,1657668
162840,954878,1286054,2240932
117469,605082,793413,1398495
127820,578678,973235,1551913
141233,942932,1010773,1953705
104786,542880,740354,1283234
136965,608460,979563,1588023
128769,549136,1012898,1562034
104126,319829,744364,1064193
111242,640757,1026927,1667684
117644,769523,831227,1600750
123198,898694,809262,1707956
88889,453858,500452,954310
131550,582999,1030886,1613885
138226,599732,1070418,1670150
82219,293750,463488,757238
103369,761980,886839,1648819
109841,826280,735090,1561370
122117,680630,651730,1332360
90559,488020,499752,987772
95492,459645,841540,1301185
120308,591489,747036,1338525
106674,865340,878079,1743419
102925,588732,529644,1118376
120395,784912,801634,1586546
119721,564126,957406,1521532
112796,401676,874158,1275834
133265,664740,1026053,1690793
133439,785960,1013149,1799109
125545,858291,789178,1647469
120880,604878,869677,1474555
134045,565905,1057299,1623204
142663,615896,1120948,1736844
113985,535205,878492,1413697
139380,858444,1074672,1933116
119108,726122,700740,1426862
127454,622685,926237,1548922
134598,512222,1029822,1542044
108515,499791,927201,1426992
137235,728225,1111510,1839735
130070,910884,891300,1802184
113197,673751,702543,1376294
109179,626661,761425,1388086
119637,634395,877507,1511902
128355,680258,1016206,1696464
133406,653378,1115484,1768862
138717,633747,966630,1600377
124314,578125,975820,1553945
132238,747538,1061841,1809379
116265,644345,758125,1402470
74088,189361,354966,544327
110373,843596,924556,1768152
142663,754212,983405,1737617
111679,628658,633311,1261969
121456,682157,1065135,1747292
120971,391366,915877,1307243
107881,511020,879231,1390251
138578,804840,1072513,1877353
119542,784903,831257,1616160
123033,675417,666172,1341589
96102,594354,665220,1259574
125530,594790,1044129,1638919
134894,568219,1092882,1661101
112923,578491,842030,1420521
124308,664590,926844,1591434
92972,326055,367123,693178
238,2955,794,3749
8368,8894,112117,121011
5973,62221,597,62818
238,0,795,795
4613,41424,51265,92689
15111,165600,72220,237820
2244,2960,764,3724
0,2957,6684,9641
15015,232490,39090,271580
27481,391256,72178,463434
5266,2959,763,3722
182,11808,3670,15478
18678,448867,12016,460883
23830,685793,21056,706849
6530,11808,762,12570
183,2964,573,3537
28628,567979,51259,619238
56875,654331,214044,868375
8474,2954,764,3718
12444,193011,81599,274610
40669,478880,156365,635245
44321,501143,200991,702134
48663,606094,174579,780673
53244,592044,219731,811775
58033,564922,276867,841789
64355,544571,409867,954438
60967,473795,507061,980856
70677,501685,517297,1018982
72938,528558,563258,1091816
76714,542702,586486,1129188
80848,567535,646695,1214230
80813,414291,771058,1185349
93860,501882,910279,1412161
105766,583859,945619,1529478
126847,709273,1019528,1728801
131879,669528,1102433,1771961
127789,695515,969491,1665006
131698,692874,969644,1662518
131281,587541,1100667,1688208
140644,568853,1253528,1822381
133359,785523,927550,1713073
136927,843497,996938,1840435
113742,646189,628443,1274632
113405,598459,855407,1453866
125224,654547,974373,1628920
129107,823572,907863,1731435
107126,644951,658883,1303834
112842,522503,777859,1300362
131119,640410,1111105,1751515
119350,489261,925685,1414946
134252,877365,973668,1851033
126822,595880,840819,1436699
122222,661766,976706,1638472
133901,477990,1134826,1612816
112970,507247,972483,1479730
143934,779000,1110840,1889840
119134,729427,873735,1603162
135714,552159,988355,1540514
137460,614452,1037480,1651932
142259,536425,1267593,1804018
122556,444355,975849,1420204
111769,611886,926653,1538539
131552,899295,966394,1865689
114305,661252,727652,1388904
107397,559874,741268,1301142
125161,543903,982244,1526147
129888,627629,1012464,1640093
132131,786730,927792,1714522
123346,643686,955342,1599028
138443,531641,1072537,1604178
127577,505038,981476,1486514
120386,611544,929097,1540641
128877,953702,1031591,1985293
123017,597160,765228,1362388
119970,659525,881542,1541067
133603,596524,1126680,1723204
141611,535224,1144246,1679470
119187,529096,926389,1455485
137675,890442,1023233,1913675
123774,816544,867249,1683793
115923,582290,695123,1277413
111836,519427,786652,1306079
121868,503887,976558,1480445
128389,922631,926742,1849373
121911,797941,911457,1709398
109299,606634,620406,1227040
115549,497269,853298,1350567
132554,587590,1082259,1669849
121078,510291,876188,1386479
120685,761586,887244,1648830
119184,872651,785500,1658151
99818,652844,622255,1275099
102416,612781,656992,1269773
124279,572732,955352,1528084
134064,499193,991449,1490642
97840,448795,743399,1192194
115640,672894,877726,1550620
125395,893873,741036,1634909
109229,644835,625149,1269984
113206,672738,895791,1568529
123235,537530,930031,1467561
135720,811837,1024875,1836712
117332,687709,819966,1507675
120018,712583,844197,1556780
111505,530155,863171,1393326
132774,493294,1057835,1551129
130703,574990,973259,1548249
123660,873837,1112298,1986135
124801,564339,726286,1290625
126774,569478,1119086,1688564
149918,565573,1255761,1821334
151545,873548,1295977,2169525
133671,542914,936183,1479097
140987,542252,1062937,1605189
134574,598335,1160400,1758735
141767,836074,1202491,2038565
120868,615001,716454,1331455
131544,583739,1216919,1800658
158939,550040,1390077,1940117
139968,447995,1108403,1556398
88170,449144,838755,1287899
151424,871523,1175950,2047473
123309,688420,855560,1543980
124073,543838,974924,1518762
154178,707335,1341121,2048456
144959,673504,940609,1614113
159331,642175,1541325,2183500
161034,487462,1437134,1924596
178081,756681,1621777,2378458
169999,783322,1297904,2081226
150326,718642,1294698,2013340
133030,486506,1017414,1503920
141890,708499,1156561,1865060
144100,904597,1117549,2022146
128417,562365,857930,1420295
139198,591711,1131004,1722715
122587,598083,927216,1525299
133271,749559,973162,1722721
138219,731352,956610,1687962
115768,811385,811644,1623029
112044,520268,795246,1315514
107737,441203,758829,1200032
117268,462006,1024853,1486859
126889,723247,925371,1648618
134469,902934,865010,1767944
90442,631572,621298,1252870
114723,532060,791525,1323585
131457,526481,1133254,1659735
107971,388810,873327,1262137
136583,677456,1122673,1800129
132164,981236,1016115,1997351
120931,631699,663422,1295121
111463,626098,817527,1443625
137652,627921,1100558,1728479
148528,520477,1202053,1722530
151975,679364,1292709,1972073
164142,906957,1358534,2265491
137020,604039,1069187,1673226
163651,550308,1382279,1932587
106335,307948,906594,1214542
152943,815625,1387070,2202695
149060,700159,1019081,1719240
136801,656438,1133836,1790274
133634,629490,1083168,1712658
136080,892002,1052260,1944262
114523,515591,743074,1258665
124740,531470,979692,1511162
155732,716635,1295860,2012495
137540,473942,1064520,1538462
135587,523171,1193089,1716260
156197,860936,1255551,2116487
110502,548916,694273,1243189
129250,920098,782465,1702563
100893,606854,653072,1259926
133757,611992,989876,1601868
128623,566979,1039194,1606173
119955,548894,972566,1521460
137789,799697,974008,1773705
126437,857812,900480,1758292
112485,555038,719387,1274425
120679,620539,945333,1565872
148750,736026,1218078,1954104
138415,609810,1109665,1719475
148857,628084,1207106,1835190
124926,851430,929343,1780773
128093,506451,918775,1425226
118500,642446,936884,1579330
113482,529395,791425,1320820
130767,930817,977456,1908273
104924,664376,684250,1348626
112166,612574,684964,1297538
124410,592387,978915,1571302
122969,479309,926354,1405663
121587,594204,887770,1481974
112351,788470,832399,1620869
128333,913304,812329,1725633
100297,519926,429824,949750
105901,658963,911522,1570485
131905,573801,1026795,1600596
146547,579201,1209010,1788211
131681,541553,973124,1514677
132757,692824,1110301,1803125
130834,1004060,965428,1969488
119294,632711,564806,1197517
111168,613320,881472,1494792
126246,623413,977664,1601077
152296,563591,1225330,1788921
113351,478462,1021757,1500219
140735,647611,961783,1609394
148123,884037,1278136,2162173
129904,690770,886071,1576841
136679,554135,1074124,1628259
138149,592435,1186106,1778541
151743,778948,1251346,2030294
132056,580332,783076,1363408
132753,623377,1278380,1901757
120699,324315,882299,1206614
116137,577219,1040562,1617781
133823,896467,1032742,1929209
131379,587302,1051246,1638548
132211,618276,1024035,1642311
134676,734679,1021274,1755953
134526,880136,898499,1778635
102847,504812,714621,1219433
131895,649790,1013292,1663082
135643,727407,1059331,1786738
135298,661183,1021305,1682488
133790,591444,1020504,1611948
133007,484507,1081123,1565630
130820,637253,1109429,1746682
134895,687535,1070577,1758112
133024,924317,965297,1889614
117208,620095,745019,1365114
125113,582329,970311,1552640
114367,446031,744605,1190636
106206,648812,927009,1575821
126936,842826,858723,1701549
105886,358272,497258,855530
11065,0,598,598
182,2953,597,3550
59098,391837,496655,888492
0,0,0,0
0,0,1389,1389
59411,538044,539038,1077082
104084,576674,595429,1172103
9800,2956,762,3718
182,20689,30747,51436
22670,127286,223252,350538
26327,130031,240527,370558
364,0,764,764
183,5940,9702,15642
11144,59053,183303,242356
26199,141804,222425,364229
0,0,762,762
183,2964,15741,18705
10057,76719,99136,175855
17758,162130,135050,297180
2354,2958,763,3721
6689,85602,51327,136929
19673,211970,117148,329118
29240,333045,144724,477769
31331,386827,150720,537547
36426,411883,195484,607367
39656,376744,304925,681669
37315,337642,352445,690087
42090,408817,319316,728133
44132,385412,427946,813358
50988,380331,518857,899188
59294,363032,708053,1071085
67901,372735,741978,1114713
85478,597098,826057,1423155
102333,584492,881118,1465610
115643,669641,967771,1637412
130038,709420,1116315,1825735
139348,561100,1239512,1800612
153727,672887,1251433,1924320
142453,931124,1144345,2075469
124103,485882,809659,1295541
138763,633526,1185785,1819311
121272,411832,973747,1385579
142446,681822,1108134,1789956
144312,884237,1205945,2090182
141223,705784,940454,1646238
126181,594684,1000894,1595578
137535,566202,1232483,1798685
138744,607035,1156281,1763316
163140,995129,1313287,2308416
118708,502484,819742,1322226
167667,627410,1436472,2063882
164514,639060,1474763,2113823
143527,817318,1069270,1886588
146070,723409,1000176,1723585
132370,579851,1027722,1607573
153568,648569,1348355,1996924
160393,477449,1465720,1943169
180013,806082,1605334,2411416
171719,702881,1404213,2107094
163231,768783,1506036,2274819
178576,583732,1556971,2140703
160252,491460,1386438,1877898
172106,820512,1611616,2432128
163629,732805,1229632,1962437
113769,427883,888947,1316830
138738,817537,1019911,1837448
135399,772530,1081111,1853641
120044,645139,628877,1274016
110934,748175,866494,1614669
120577,502533,807221,1309754
132020,557683,1132734,1690417
133431,765338,1053554,1818892
135078,628449,1110657,1739106
166059,582175,1495304,2077479
144076,467627,1293470,1761097
143800,584485,1210842,1795327
151842,885951,1198401,2084352
121575,556992,731936,1288928
144087,661515,1316260,1977775
160028,585554,1427758,2013312
173779,686124,1569164,2255288
153416,793990,1294869,2088859
149515,548344,1190279,1738623
161858,568366,1444903,2013269
159494,626383,1350564,1976947
175831,717727,1498741,2216468
174841,650998,1684109,2335107
186809,635248,1619167,2254415
165608,554587,1529389,2083976
175849,827261,1527519,2354780
165065,639227,1216349,1855576
165960,546216,1605915,2152131
178999,690505,1571942,2262447
169514,842999,1454059,2297058
158479,590731,1105065,1695796
147206,599495,1477099,2076594
164769,664306,1431799,2096105
159477,730335,1170483,1900818
143375,656914,1467047,2123961
157881,646444,1243532,1889976
132796,545185,1204579,1749764
172942,724101,1460721,2184822
156467,641243,1415577,2056820
159450,752892,1407741,2160633
169920,548580,1371937,1920517
164581,752673,1489341,2242014
152437,650540,1172140,1822680
140842,578195,1116886,1695081
172023,596546,1652950,2249496
146785,579662,1297917,1877579
187183,773989,1646473,2420462
155251,641999,1342526,1984525
179724,636257,1637786,2274043
168958,483441,1572857,2056298
188677,823391,1767421,2590812
158444,535560,1144340,1679900
161317,665595,1582670,2248265
170608,629923,1572345,2202268
171671,625490,1519637,2145127
171715,856255,1314460,2170715
104903,552705,909587,1462292
158932,648847,1236287,1885134
163801,537312,1535321,2072633
146993,611512,1340911,1952423
176556,769355,1339942,2109297
120762,679041,995111,1674152
155424,505936,1410111,1916047
164402,511446,1476856,1988302
156912,656823,1438560,2095383
167128,814233,1280430,2094663
138997,535103,1110176,1645279
167473,596442,1585825,2182267
166980,734810,1482076,2216886
178682,634463,1503448,2137911
175878,571927,1683071,2254998
188207,742551,1709340,2451891
179752,709501,1493446,2202947
162986,700271,1516241,2216512
183697,597564,1490663,2088227
166322,551392,1613023,2164415
174337,517101,1572767,2089868
169327,636977,1574677,2211654
169461,882046,1211000,2093046
153862,619099,1507577,2126676
171903,629989,1496457,2126446
169960,730057,1311963,2042020
152376,506739,1463462,1970201
168693,541141,1532415,2073556
157652,875546,1342644,2218190
160254,642856,1144164,1787020
135203,468832,1080310,1549142
177336,668825,1861582,2530407
180935,569891,1712826,2282717
188314,680022,1708725,2388747
180791,848770,1511871,2360641
148886,602599,1277138,1879737
171112,510418,1555798,2066216
138799,419566,1351652,1771218
179858,764146,1576734,2340880
167088,660324,1191339,1851663
153643,627169,1533661,2160830
173410,485825,1388472,1874297
144897,782991,1483721,2266712
152851,639681,1223288,1862969
148509,606545,1276183,1882728
170106,656008,1352835,2008843
157249,468942,1471504,1940446
171548,671928,1574737,2246665
174253,821290,1485998,2307288
164442,617557,1320526,1938083
187934,680190,1778040,2458230
183353,574641,1619669,2194310
174074,771959,1575102,2347061
161101,690620,1091401,1782021
142145,588705,1402970,1991675
184372,583173,1677734,2260907
175159,569604,1664561,2234165
177059,831665,1439670,2271335
145971,645332,1142984,1788316
158183,728392,1301548,2029940
152926,560567,1397287,1957854
171119,754586,1522321,2276907
156481,571200,1303870,1875070
168354,687827,1526367,2214194
156870,635490,1109115,1744605
144109,641119,1350507,1991626
164779,763927,1424949,2188876
134307,512660,1076645,1589305
169265,613766,1623180,2236946
145435,564363,1254456,1818819
178865,841464,1655492,2496956
152437,545539,1108289,1653828
158068,624729,1436805,2061534
173540,487680,1484360,1972040
155186,595057,1528091,2123148
181272,881193,1593322,2474515
124461,489708,898004,1387712
169609,556871,1582587,2139458
172977,716803,1527230,2244033
173567,763948,1347624,2111572
152836,576836,1335208,1912044
180331,703909,1656123,2360032
170967,697752,1215380,1913132
141967,613470,1461625,2075095
182435,628663,1626278,2254941
154993,523112,1388412,1911524
162214,575659,1504800,2080459
141583,621936,1214367,1836303
173802,864339,1498318,2362657
142228,531747,1086477,1618224
156523,616857,1468126,2084983
167272,490633,1580156,2070789
157068,748670,1387218,2135888
156106,703575,1150843,1854418
153562,642583,1292551,1935134
165080,534127,1571284,2105411
164116,500797,1342983,1843780
160508,744152,1535160,2279312
154685,765136,1224909,1990045
139103,540242,1136369,1676611
164477,639603,1483924,2123527
108539,227481,763138,990619
4320,32556,78090,110646
79052,418967,1025873,1444840
170283,818220,1324518,2142738
168708,534135,1563376,2097511
147557,589277,1276848,1866125
170261,776310,1435516,2211826
156520,513756,1472426,1986182
163580,731625,1352464,2084089
151721,696356,1237887,1934243
163282,456219,1571081,2027300
168690,640881,1447735,2088616
164702,780970,1466064,2247034
147826,727070,1095810,1822880
144572,610406,1251263,1861669
156377,476870,1344009,1820879
133340,505969,1158822,1664791
40606,68122,96953,165075
0,0,595,595
45722,383263,645836,1029099
108926,536736,559302,1096038
3591,0,596,596
0,0,595,595
77047,763760,629548,1393308
96483,597260,408861,1006121
13957,0,762,762
9775,262910,259126,522036
103561,671801,701686,1373487
97882,429601,515796,945397
954,0,762,762
4031,5880,93775,99655
3825,17789,571,18360
238,2958,84938,87896
26822,235887,216067,451954
97737,617728,598352,1216080
8805,0,764,764
27378,257434,337725,595159
95506,601019,653770,1254789
116574,797978,739544,1537522
122474,724068,899913,1623981
134803,498408,1247832,1746240
136834,371929,1374420,1746349
168786,728242,1477508,2205750
172051,971715,1361591,2333306
122097,474054,837519,1311573
157852,625001,1375908,2000909
153416,585305,1384756,1970061
172868,795778,1621990,2417768
151523,670326,1139787,1810113
154646,512140,1356869,1869009
168378,625487,1522212,2147699
159572,751669,1353741,2105410
148709,690796,1050892,1741688
141087,657165,1227517,1884682
162752,461465,1508538,1970003
148883,545252,1345070,1890322
167359,798175,1349507,2147682
143463,652057,1218917,1870974
145842,751794,1164738,1916532
146812,540824,1106523,1647347
150561,569795,1372994,1942789
126274,451173,1063411,1514584
145018,823347,1262680,2086027
134276,697950,932727,1630677
137527,522587,1100244,1622831
141522,474368,1315119,1789487
152532,620616,1340964,1961580
159633,802582,1388734,2191316
145340,611932,917497,1529429
126126,620856,1083216,1704072
147390,520570,1338590,1859160
126645,457351,1156893,1614244
161007,881945,1433838,2315783
142134,638852,1054778,1693630
142683,558250,1266780,1825030
173182,538097,1471888,2009985
142697,635305,1256056,1891361
166337,817470,1420401,2237871
135113,532813,1108063,1640876
168494,578621,1493885,2072506
141640,429787,1300071,1729858
173292,775993,1389200,2165193
155829,814630,1336604,2151234
145002,539427,1074119,1613546
168107,655848,1570465,2226313
161078,682403,1418398,2100801
154554,604707,1341885,1946592
147980,612189,1254989,1867178
166061,732169,1529433,2261602
157519,718243,1314247,2032490
154068,548777,1275621,1824398
169837,448208,1466630,1914838
127089,547534,1254187,1801721
168409,798670,1475838,2274508
139999,645725,1063336,1709061
146077,590920,1184656,1775576
151166,487769,1364457,1852226
163276,634541,1474796,2109337
162312,795226,1339501,2134727
158505,770560,1127461,1898021
125712,618818,998052,1616870
154896,613563,1380089,1993652
175184,571186,1545253,2116439
142888,511727,1294421,1806148
167227,894669,1439250,2333919
148274,579987,1186717,1766704
151512,571924,1229439,1801363
172054,558357,1523600,2081957
147282,593993,1387205,1981198
170446,928115,1419571,2347686
136334,659227,824541,1483768
145702,493468,1356213,1849681
170305,609252,1531586,2140838
161663,715703,1428835,2144538
164934,769170,1275541,2044711
148119,552497,1362303,1914800
152616,519906,1342783,1862689
145378,530996,1258176,1789172
167222,759121,1437174,2196295
158424,770744,1236880,2007624
125908,615668,1020035,1635703
121245,397099,748564,1145663
142680,863428,1382395,2245823
143022,651598,1049070,1700668
142914,545274,1220893,1766167
156877,458304,1438475,1896779
132206,417238,1247714,1664952
164826,871414,1388136,2259550
142230,678976,1027547,1706523
142892,503407,1135370,1638777
160133,598942,1362831,1961773
142526,784490,1341734,2126224
152999,685276,1144267,1829543
136887,559875,1066678,1626553
164695,624265,1490450,2114715
143655,473023,1302804,1775827
133481,736654,1109459,1846113
144445,757154,1058368,1815522
135896,626985,1001577,1628562
157953,629241,1392376,2021617
149969,409495,1257480,1666975
163635,808853,1482119,2290972
150851,834865,1249771,2084636
126529,567311,730613,1297924
143917,644102,1350185,1994287
172476,531284,1474354,2005638
161738,516896,1340490,1857386
154310,727525,1487120,2214645
158303,694341,1141566,1835907
155262,713492,1482302,2195794
173132,524747,1582530,2107277
156363,621635,1294464,1916099
168007,838451,1468864,2307315
131533,571575,990787,1562362
163517,694507,1378604,2073111
163582,541111,1436618,1977729
141755,455614,1255372,1710986
154478,688764,1294907,1983671
154862,796708,1278555,2075263
157996,585085,1427734,2012819
144790,477331,1093709,1571040
138692,684525,1256458,1940983
159835,836742,1147583,1984325
120812,471278,919109,1390387
170375,615740,1643806,2259546
149186,582687,1247344,1830031
175638,709000,1416366,2125366
148470,645250,1396959,2042209
156632,566782,1398607,1965389
149985,620924,1251540,1872464
156055,859341,1179798,2039139
135613,633561,991849,1625410
162968,673601,1517871,2191472
173818,649320,1527258,2176578
152992,694243,1253418,1947661
167908,760468,1331247,2091715
126555,577381,937192,1514573
156111,725437,1295853,2021290
149952,798945,1252506,2051451
132587,644914,861861,1506775
146211,600335,1350395,1950730
160189,595370,1439320,2034690
173441,643518,1570498,2214016
150758,439245,1340567,1779812
151919,621736,1435356,2057092
148158,744957,1049526,1794483
139291,661084,1257074,1918158
154816,636330,1337991,1974321
145403,650724,1383733,2034457
161596,670689,1346234,2016923
133873,601859,1111954,1713813
164061,736707,1336692,2073399
143321,538094,1211431,1749525
170886,766116,1496948,2263064
152545,606840,1250765,1857605
158068,655378,1550577,2205955
178580,624175,1573135,2197310
157092,649315,1320717,1970032
182014,523024,1737070,2260094
162700,603471,1487250,2090721
159715,813578,1338451,2152029
121867,712698,780667,1493365
141076,538673,1201336,1740009
173964,544762,1538837,2083599
157616,641124,1480255,2121379
162951,728693,1348091,2076784
144323,563498,1094736,1658234
165409,604653,1598443,2203096
162240,588367,1486508,2074875
170099,819127,1401556,2220683
135868,695642,1097497,1793139
152004,518680,1301084,1819764
169768,604189,1474837,2079026
139695,448116,1292777,1740893
173728,804128,1531565,2335693
168607,768109,1474580,2242689
149825,650834,1062447,1713281
102493,248427,619599,868026
7543,26611,90226,116837
76135,337902,1075200,1413102
125879,478920,1170950,1649870
163961,807917,1286552,2094469
159443,615623,1389467,2005090
145284,506716,1348496,1855212
141088,625525,1254824,1880349
159378,766985,1312808,2079793
151166,579701,1322071,1901772
82521,190584,471524,662108
