7700,362468,37237,399705
38040,620573,650585,1271158
53850,748380,749901,1498281
42700,722069,945556,1667625
33817,726344,1167370,1893714
44189,745253,775142,1520395
49000,727843,971819,1699662
55610,758458,974039,1732497
51134,721967,830381,1552348
42313,737180,918491,1655671
43346,706054,609083,1315137
61774,776411,819112,1595523
57017,739699,692117,1431816
60602,716380,738686,1455066
78270,282375,925343,1207718
61122,871119,586617,1457736
75325,227873,583479,811352
53587,978033,801363,1779396
59362,702688,838295,1540983
60007,692510,410991,1103501
57651,675927,48642,724569
51993,697142,360327,1057469
62851,438256,181121,619377
16320,0,312647,312647
29905,391788,36608,428396
6330,0,121910,121910
0,0,55716,55716
0,0,272003,272003
0,0,294760,294760
0,0,304856,304856
26212,595059,499038,1094097
60460,793483,133912,927395
59456,209268,328354,537622
0,0,182736,182736
0,0,18692,18692
0,0,113577,113577
0,0,125889,125889
33784,743183,264692,1007875
63680,869550,91511,961061
63248,737270,251099,988369
58259,726766,194349,921115
62375,729372,204929,934301
72204,675646,231752,907398
79175,587643,171576,759219
70978,690524,233186,923710
61416,717444,293029,1010473
61924,717250,284303,1001553
62409,723368,250360,973728
57683,710888,340340,1051228
48626,688163,165762,853925
69013,678680,248001,926681
78989,526259,211431,737690
74892,590846,248561,839407
61317,663753,320029,983782
61893,699302,524007,1223309
51214,699674,741467,1441141
53430,686849,555663,1242512
62560,700951,645712,1346663
58148,682650,412294,1094944
62674,635648,605244,1240892
44195,733163,779937,1513100
63113,701998,414044,1116042
37433,670843,1018418,1689261
49597,697636,596883,1294519
30595,666950,1023356,1690306
41330,686355,560837,1247192
43912,693363,960834,1654197
37268,692652,561896,1254548
57774,662269,739484,1401753
27411,671977,970103,1642080
42598,643074,639366,1282440
30254,678735,737532,1416267
52056,655744,360578,1016322
34682,686523,967730,1654253
29621,731862,866371,1598233
26727,685293,1050200,1735493
40485,718115,687828,1405943
72615,358682,787562,1146244
54442,753704,827635,1581339
58393,501367,690846,1192213
37684,625313,920619,1545932
54787,659078,691473,1350551
34694,649934,1071011,1720945
34586,678938,878378,1557316
35884,664397,1022042,1686439
29775,626735,693719,1320454
55028,633066,595714,1228780
34090,649061,926504,1575565
47673,664544,644732,1309276
33276,653769,1154672,1808441
35269,672312,874854,1547166
40344,651153,1063278,1714431
35471,664366,779912,1444278
59870,659004,426090,1085094
50638,638252,777815,1416067
46873,661574,742337,1403911
27512,643145,922272,1565417
40558,641065,506215,1147280
43482,673393,981878,1655271
27479,683121,639121,1322242
48327,693822,867917,1561739
60916,552872,925887,1478759
64643,679290,689213,1368503
29880,690998,920647,1611645
46550,692300,229928,922228
61700,616597,795,617392
73973,544805,265567,810372
56063,698624,521085,1219709
45799,642252,314523,956775
60203,664979,596,665575
50728,647620,132361,779981
40079,683108,301662,984770
73716,565308,397178,962486
60535,645898,763,646661
63058,683403,95978,779381
31701,682085,0,682085
30633,668724,190,668914
29530,641870,762,642632
37517,663339,476,663815
60528,586610,279647,866257
57136,651409,332309,983718
58416,642475,950,643425
61617,672669,34537,707206
41993,210077,572,210649
0,115282,129140,244422
35700,692870,313579,1006449
55839,678430,389828,1068258
46762,629731,472194,1101925
41475,650355,592883,1243238
37552,639625,685173,1324798
30519,655767,963759,1619526
27669,619595,720771,1340366
52620,689028,546569,1235597
27334,664468,851241,1515709
36682,670972,730085,1401057
34916,674158,919720,1593878
63783,576058,615440,1191498
27784,673860,1138650,1812510
33431,672313,570916,1243229
39035,644493,1004616,1649109
28121,652926,820921,1473847
50235,697205,974196,1671401
55674,683944,876175,1560119
54420,644080,321797,965877
57434,695840,1159462,1855302
49984,637798,593113,1230911
58409,665053,1202780,1867833
57434,657444,872789,1530233
56323,666430,1199619,1866049
53010,626653,872124,1498777
58422,675456,967308,1642764
57321,683894,1066649,1750543
56485,643222,688453,1331675
58437,675088,921323,1596411
56009,648045,819314,1467359
57680,659129,1149815,1808944
59347,711288,973347,1684635
57003,359503,500732,860235
10349,0,640744,640744
44632,1030583,1075408,2105991
59058,779664,970079,1749743
57608,718808,642381,1361189
51264,0,753538,753538
24144,1080147,629754,1709901
77375,408708,684872,1093580
58211,856674,931416,1788090
64381,540397,686022,1226419
36252,692194,906677,1598871
41594,694083,427522,1121605
41566,707632,820474,1528106
29387,683621,565994,1249615
53416,698479,535578,1234057
29144,690810,967308,1658118
29913,676769,632768,1309537
30596,688854,973420,1662274
30710,678972,809943,1488915
30434,688335,882297,1570632
30360,681183,660691,1341874
30995,682759,1058213,1740972
30581,691884,781538,1473422
35000,692877,898913,1591790
36470,685080,476433,1161513
46853,705201,483932,1189133
30995,693896,907763,1601659
41221,698173,495498,1193671
38389,698913,789253,1488166
31378,707690,639955,1347645
56357,729519,836338,1565857
50136,678882,775791,1454673
66041,509066,690836,1199902
63945,617413,870503,1487916
57844,649092,329389,978481
51232,674710,688958,1363668
57293,665543,737985,1403528
56572,646264,772793,1419057
59456,675703,557894,1233597
59287,652576,329063,981639
58179,658660,494616,1153276
58068,636200,377786,1013986
59419,662018,544927,1206945
58702,640226,232099,872325
60707,680136,832437,1512573
57709,662096,512633,1174729
60221,673836,592655,1266491
58783,659957,592084,1252041
56920,586270,376836,963106
57847,590276,544295,1134571
55327,708371,137607,845978
29917,0,189343,189343
0,0,324147,324147
7007,287225,374242,661467
32586,938448,501608,1440056
29809,751925,436497,1188422
28766,735465,749548,1485013
46157,717032,0,717032
68385,728937,164166,893103
80350,562036,235982,798018
62946,703717,391950,1095667
30099,721007,433948,1154955
53126,726842,438954,1165796
55665,653268,623488,1276756
75788,578024,111244,689268
46431,704719,568366,1273085
40363,708040,356293,1064333
37754,696359,562957,1259316
32768,691309,347770,1039079
51924,698196,514365,1212561
31279,681918,469067,1150985
63168,686064,164472,850536
68368,665341,420834,1086175
75184,598185,240242,838427
62198,727684,541657,1269341
53861,703010,295306,998316
62355,721622,673603,1395225
72684,603894,459278,1063172
66859,680531,582297,1262828
59518,697192,607788,1304980
61538,715813,534380,1250193
58662,680313,554307,1234620
60663,683198,390533,1073731
69176,621444,916991,1538435
56422,664924,556256,1221180
65453,607003,1055279,1662282
53791,641722,837073,1478795
56666,633343,264056,897399
31843,152253,639032,791285
38747,627593,557808,1185401
60463,690438,790169,1480607
59169,667759,460065,1127824
61695,697812,821216,1519028
59289,678681,507370,1186051
60670,654968,822241,1477209
60227,723874,787174,1511048
48122,317444,338191,655635
0,102065,680062,782127
54492,770436,647565,1418001
59946,706518,819867,1526385
59786,682871,460130,1143001
61753,618640,872353,1490993
58687,800493,920940,1721433
56644,677145,1017362,1694507
55760,675341,790298,1465639
57975,681411,592592,1274003
58557,709505,691934,1401439
53765,653751,413927,1067678
60380,761609,740998,1502607
28223,719439,506171,1225610
44321,714851,695158,1410009
57625,499325,510573,1009898
55867,626814,544679,1171493
57096,609335,605481,1214816
57522,593118,461417,1054535
59643,686091,639418,1325509
58162,682446,692039,1374485
55358,651239,738110,1389349
45048,643314,724109,1367423
56968,673021,740270,1413291
48411,634388,918886,1553274
48503,642584,791031,1433615
44432,659313,923596,1582909
43399,642047,641765,1283812
58496,667536,824245,1491781
45718,648418,738502,1386920
55055,623858,875970,1499828
46786,665042,887931,1552973
60590,698982,772959,1471941
56350,662064,970515,1632579
57189,652959,498207,1151166
60161,700942,974992,1675934
56440,667058,638774,1305832
56687,500970,902010,1402980
64998,787887,895768,1683655
60428,540422,643687,1184109
57637,699602,1065199,1764801
55231,661751,689138,1350889
51060,638575,1099140,1737715
55810,645971,508979,1154950
57587,687482,1150792,1838274
57132,659613,595119,1254732
59945,668433,738658,1407091
57695,657821,968050,1625871
56237,645054,875291,1520345
57907,655547,1057174,1712721
58417,655404,838439,1493843
58002,660759,1058942,1719701
60661,681085,791211,1472296
55223,629326,1189185,1818511
59724,681218,1122984,1804202
56870,636218,711198,1347416
57410,668966,1038322,1707288
56727,646364,458512,1104876
57200,661704,922222,1583926
57823,533523,591253,1124776
58569,812136,1016237,1828373
59805,714004,872124,1586128
57978,372985,326975,699960
54178,943045,1100492,2043537
53410,667143,823743,1490886
74615,389613,1053096,1442709
63354,770604,837368,1607972
66302,502819,872928,1375747
54289,523684,740841,1264525
55401,375618,870299,1245917
40714,838449,891072,1729521
54632,419528,667637,1087165
39054,541176,982259,1523435
45979,810655,796497,1607152
56055,432273,849086,1281359
32571,466011,725852,1191863
50639,611534,938834,1550368
27961,144676,772390,917066
12244,194766,898527,1093293
588,9353,802656,812009
735,125809,743159,868968
56515,758387,924418,1682805
47596,370134,459809,829943
0,0,851809,851809
22170,459372,629243,1088615
60767,718618,977711,1696329
58140,676352,922693,1599045
61307,688339,540984,1229323
59033,683814,971468,1655282
60532,695898,590597,1286495
61726,674046,596,674642
31319,690088,595,690683
43599,726695,658650,1385345
61672,694560,34051,728611
63313,709748,597,710345
63530,396547,425360,821907
1913,162474,665901,828375
49135,842820,253257,1096077
63368,750042,760,750802
63769,378933,250615,629548
14298,0,573,573
25624,548422,360952,909374
46361,1254194,491419,1745613
58080,805655,381,806036
76393,180097,763,180860
17314,0,276551,276551
0,0,124909,124909
0,0,475,475
0,0,573,573
0,0,95,95
0,0,0,0
0,0,0,0
0,0,0,0
3385,84792,6762,91554
26580,914266,366784,1281050
29263,813985,439547,1253532
30008,709072,436412,1145484
30836,735502,484616,1220118
29283,694856,225406,920262
40501,708803,208026,916829
33317,683230,875892,1559122
26557,651095,739077,1390172
28813,683757,823982,1507739
27641,659376,512127,1171503
60663,685044,545590,1230634
36488,631562,690622,1322184
50032,675088,660374,1335462
37720,652248,639407,1291655
57390,675651,548160,1223811
55404,646167,740058,1386225
55858,668826,379493,1048319
57166,633630,691459,1325089
60771,679768,594740,1274508
59309,581198,740515,1321713
39636,668054,1006004,1674058
52590,708861,837359,1546220
56607,663496,974401,1637897
60127,605812,825715,1431527
55052,597782,993859,1591641
60920,521367,723375,1244742
57944,877837,1073395,1951232
64898,334830,951325,1286155
61522,409564,754801,1164365
53322,810278,1145269,1955547
41853,443973,875503,1319476
52216,778113,1199136,1977249
61608,447749,611606,1059355
21222,9493,955903,965396
0,57377,754461,811838
29337,789932,203708,993640
31140,709555,1214039,1923594
51245,699531,738855,1438386
57313,688214,1067518,1755732
58514,670367,824097,1494464
59498,678445,924623,1603068
61446,678311,409897,1088208
60353,691409,610061,1301470
59059,686882,774213,1461095
61142,693867,563011,1256878
60648,684495,739254,1423749
59847,675738,638066,1313804
57148,661289,1102592,1763881
57035,667047,919330,1586377
56744,680027,1017349,1697376
55292,649424,690979,1340403
59685,693121,823494,1516615
56992,705116,1017212,1722328
46731,633496,999781,1633277
46012,704136,925223,1629359
45819,726773,835632,1562405
40104,682158,918670,1600828
32375,727900,640423,1368323
41680,712200,972879,1685079
26165,728585,774936,1503521
50133,746908,606787,1353695
74049,483859,872108,1355967
67613,682775,457509,1140284
49863,746493,874519,1621012
58962,735081,740582,1475663
49141,739358,968791,1708149
27064,622406,822386,1444792
39644,778746,968376,1747122
47705,531884,930039,1461923
70734,574270,729710,1303980
45592,516525,894712,1411237
59592,652301,907418,1559719
65094,591926,512523,1104449
49363,409276,646164,1055440
37317,535402,823233,1358635
54468,688670,790595,1479265
36623,151342,372133,523475
31619,774763,965687,1740450
45546,612852,643999,1256851
40276,405696,973219,1378915
52156,485111,822240,1307351
59675,901271,1019439,1920710
60250,494586,821537,1316123
14498,0,442949,442949
0,0,597149,597149
4568,152773,116915,269688
28075,878932,728616,1607548
46515,703364,607439,1310803
58371,705575,691947,1397522
58231,683208,592969,1276177
59546,681812,692598,1374410
59894,689526,820234,1509760
59789,674470,279447,953917
50999,638444,785192,1423636
55639,656410,414549,1070959
55112,650669,693215,1343884
32950,659302,876117,1535419
32588,651786,1020977,1672763
39740,646789,511874,1158663
51840,675029,82325,757354
51313,696585,791792,1488377
58074,677450,642890,1320340
39609,674197,692564,1366761
57675,681104,510415,1191519
49157,694121,741034,1435155
29940,698572,543909,1242481
47083,695590,740227,1435817
27646,705688,788635,1494323
27491,710158,592760,1302918
26914,714386,591197,1305583
26994,704486,608545,1313031
26994,727169,775187,1502356
71775,483360,693336,1176696
66780,640789,364090,1004879
51687,655313,838234,1493547
67083,540919,146784,687703
60325,677053,364463,1041516
47958,668718,925357,1594075
44420,681881,920632,1602513
57316,664483,822044,1486527
41656,627350,1150244,1777594
51423,680652,926555,1607207
57298,648031,1251852,1899883
52519,641296,1060621,1701917
58377,649433,376951,1026384
54880,95131,662548,757679
13241,646690,328704,975394
28637,765813,770362,1536175
25949,644526,1009712,1654238
27158,651817,1133736,1785553
27490,656083,693346,1349429
26961,641785,1010532,1652317
27056,646362,924739,1571101
28643,680293,889596,1569889
28069,670792,871274,1542066
27182,664528,826945,1491473
45187,691727,1019959,1711686
22782,605898,819513,1425411
39227,699802,1021651,1721453
25929,669711,1002855,1672566
37793,663799,884840,1548639
61690,657914,875039,1532953
67556,112236,449923,562159
58738,939236,651129,1590365
57918,692490,877569,1570059
57516,611046,835060,1446106
57872,738871,729136,1468007
66010,582448,739729,1322177
67531,482631,692290,1174921
62957,544499,557439,1101938
55144,452439,832486,1284925
28098,358109,500294,858403
13476,190755,740915,931670
56949,632903,776462,1409365
18278,244114,891198,1135312
27189,642862,919738,1562600
25405,106466,605149,711615
15129,164961,916020,1080981
0,0,556153,556153
0,0,599315,599315
24533,481884,788856,1270740
36474,195666,925216,1120882
45096,777217,1009408,1786625
58182,692910,1154084,1846994
55831,714041,1103854,1817895
57926,611101,1062738,1673839
53441,778006,1063529,1841535
59610,399628,770980,1170608
50646,601186,1002372,1603558
42271,543574,914942,1458516
21228,202121,1011523,1213644
32104,426312,691227,1117539
2060,0,820758,820758
0,15876,944299,960175
42839,589620,1107664,1697284
52129,599159,1238759,1837918
54780,678430,1102330,1780760
47939,648157,1296613,1944770
47861,543956,1004734,1548690
43666,496449,1021320,1517769
50325,679667,1201480,1881147
47959,527649,1105735,1633384
47660,636574,1100039,1736613
51792,536991,870185,1407176
34043,498588,1253597,1752185
53366,673137,1062284,1735421
46199,394375,1124243,1518618
53311,707500,1328792,2036292
52684,673650,957188,1630838
36046,176991,1248561,1425552
19996,233746,1158464,1392210
25693,294437,1207536,1501973
24740,331942,1144641,1476583
28089,362739,1164794,1527533
27872,345502,973755,1319257
25133,224703,843694,1068397
26068,365199,1364745,1729944
34955,480542,1155437,1635979
32860,460315,1199321,1659636
22332,324966,1053470,1378436
36108,480263,1199625,1679888
22458,258829,1019577,1278406
25480,470563,1060697,1531260
14985,87710,1075346,1163056
3491,13089,766567,779656
38559,699898,982583,1682481
56189,585579,925666,1511245
52512,726053,971635,1697688
59586,736522,826933,1563455
53195,639470,1011353,1650823
57833,645221,1161868,1807089
63483,792094,1101566,1893660
56440,455648,1033070,1488718
63059,785211,1023769,1808980
70720,690014,98042,788056
36706,707014,596,707610
31752,720754,613514,1334268
57514,729061,781529,1510590
48103,228662,229974,458636
440,3361,596,3957
433,6255,332062,338317
599,12771,613851,626622
440,6530,147601,154131
440,6161,573,6734
440,15881,341090,356971
20482,835629,559186,1394815
61151,551984,232215,784199
62491,697698,573,698271
63517,691782,314648,1006430
31261,0,218709,218709
0,0,381,381
0,0,762,762
0,0,286,286
954,439,0,439
12074,283345,476,283821
62469,902396,572,902968
61764,706842,749175,1456017
60676,701445,791211,1492656
53084,682440,869239,1551679
28629,667327,1203568,1870895
39798,686050,924421,1610471
33090,687044,1281696,1968740
28682,694830,1098196,1793026
28461,705508,1149360,1854868
26686,659798,1201255,1861053
26706,668903,1020148,1689051
26397,662165,1145556,1807721
26500,671118,1107532,1778650
27468,713554,1148004,1861558
26773,683238,870613,1553851
32501,714667,1150444,1865111
27093,716913,1100299,1817212
26005,694491,892061,1586552
34657,697599,1145869,1843468
61840,420108,773186,1193294
60787,603103,559105,1162208
70129,625888,375951,1001839
64758,602666,689766,1292432
56620,672073,464040,1136113
58274,672469,865859,1538328
55600,644683,921142,1565825
56485,616627,659134,1275761
59457,572295,901664,1473959
62272,564109,980117,1544226
60531,695260,1218395,1913655
50347,400507,1068049,1468556
56058,749982,1125749,1875731
53549,762371,1015505,1777876
42913,475638,1022281,1497919
52602,391083,1203129,1594212
1470,9842,886930,896772
27574,438890,1008829,1447719
57676,662644,1104065,1766709
49753,625383,1195413,1820796
58076,704706,1007441,1712147
47763,649555,1238041,1887596
54880,651920,1112902,1764822
34535,367847,894383,1262230
47059,748651,1095418,1844069
45087,333951,917731,1251682
23437,414536,908455,1322991
47080,639791,748676,1388467
33679,518348,743379,1261727
39501,461704,837790,1299494
4273,0,612934,612934
0,0,716846,716846
1472,47767,607340,655107
52037,692510,925959,1618469
52921,763154,748714,1511868
58763,631111,1014997,1646108
48788,569846,921089,1490935
51364,579187,1058358,1637545
56516,630427,1024695,1655122
48264,558442,852315,1410757
45161,748211,992147,1740358
59021,594336,891293,1485629
39459,736781,912603,1649384
54657,533399,825322,1358721
45420,539933,904879,1444812
47330,724250,896385,1620635
47847,323134,925073,1248207
38849,753718,924818,1678536
42898,484319,676698,1161017
50198,533369,943804,1477173
46655,473597,721012,1194609
38397,729174,994025,1723199
48335,690410,641239,1331649
53396,505994,1010553,1516547
44179,782909,941056,1723965
41128,470044,637931,1107975
38095,383117,810578,1193695
45750,671978,628706,1300684
47778,491388,693849,1185237
46179,450331,734134,1184465
41528,662078,886498,1548576
43347,432119,774776,1206895
23366,199618,922541,1122159
39259,585135,904928,1490063
5722,45354,429257,474611
437,6302,386941,393243
595,148129,609663,757792
31009,686549,161792,848341
33650,685910,295792,981702
41482,680290,424057,1104347
45350,692350,616271,1308621
45414,679442,598440,1277882
50203,693790,850174,1543964
58968,689248,714733,1403981
78583,699181,839847,1539028
60538,695217,1006218,1701435
59972,707856,923801,1631657
59181,713679,656680,1370359
57480,703916,1049429,1753345
56174,680803,1097648,1778451
55623,665827,736532,1402359
57558,695931,821805,1517736
57102,685748,556043,1241791
57621,716229,458951,1175180
56949,685027,328065,1013092
60117,200149,283621,483770
53896,690429,378866,1069295
51430,618953,259986,878939
54737,634240,432860,1067100
23925,330963,305608,636571
54607,533779,476498,1010277
45053,551232,425105,976337
40944,525061,537976,1063037
441,6365,296738,303103
586,6155,351448,357603
5714,344965,402670,747635
58322,690268,307302,997570
62509,489177,387279,876456
41477,645526,377818,1023344
60583,669362,313284,982646
62727,581082,351229,932311
38847,656295,450080,1106375
61009,695556,454062,1149618
58148,649097,557605,1206702
57284,662283,677873,1340156
59450,669126,463179,1132305
61504,746418,689158,1435576
59198,696033,596931,1292964
62572,587351,789197,1376548
59239,878653,971290,1849943
59939,669481,494870,1164351
58600,748125,791181,1539306
56391,670785,643993,1314778
58076,545932,635846,1181778
58488,899231,619221,1518452
61392,704055,591419,1295474
60989,507663,327305,834968
60564,573999,501641,1075640
71991,554386,596361,1150747
61184,847320,656416,1503736
59153,190807,146811,337618
21712,393333,316969,710302
23700,0,277838,277838
17130,538351,232190,770541
63156,905741,365458,1271199
53128,0,288792,288792
0,301896,362197,664093
56479,1015405,700480,1715885
58939,423674,665693,1089367
63163,751711,828351,1580062
69796,304287,555087,859374
55973,615747,710761,1326508
43442,849775,707012,1556787
50419,366117,718069,1084186
45515,670520,805088,1475608
50263,691634,870667,1562301
59284,696247,747300,1443547
60685,690718,805236,1495954
54065,595836,692511,1288347
54826,707553,846226,1553779
55841,623242,938547,1561789
62352,434205,687255,1121460
32303,567258,468010,1035268
41083,430339,959213,1389552
35476,214375,621871,836246
24081,441492,858571,1300063
39057,297491,838344,1135835
27857,400745,828024,1228769
36506,566603,848651,1415254
4271,27352,759928,787280
586,9515,727220,736735
37654,776151,771520,1547671
57577,563438,1064218,1627656
51760,762155,874733,1636888
52038,627655,413688,1041343
38699,436103,941290,1377393
44723,721642,1050066,1771708
55978,561364,885299,1446663
32968,529214,782985,1312199
45503,847970,1008308,1856278
43628,384135,786229,1170364
40324,390164,936947,1327111
38772,426190,703116,1129306
37139,806009,857843,1663852
24681,0,767048,767048
0,0,726604,726604
20900,530360,680810,1211170
61467,954446,686542,1640988
61412,823512,1011214,1834726
48946,765609,743309,1508918
50486,767755,870787,1638542
56391,326365,527155,853520
65099,828878,770434,1599312
69855,485390,829785,1315175
60049,776973,594315,1371288
59991,717676,885896,1603572
59461,691820,819403,1511223
60502,708264,821852,1530116
58277,679607,739881,1419488
59647,695204,926742,1621946
58345,702829,873443,1576272
58285,662521,741448,1403969
60846,678784,971163,1649947
60510,687956,792661,1480617
60709,703883,956396,1660279
57899,676669,922901,1599570
58627,680257,968635,1648892
58542,686328,836476,1522804
55236,625738,871800,1497538
56660,628552,740880,1369432
57465,640034,638616,1278650
57565,517024,593484,1110508
59346,578858,718360,1297218
62177,350697,581491,932188
40286,438334,320867,759201
0,0,376274,376274
20796,455484,692545,1148029
50822,760367,876359,1636726
26534,209034,85605,294639
441,3368,596,3964
2204,98905,341321,440226
23056,256081,219308,475389
0,0,596,596
0,0,230160,230160
0,0,730221,730221
0,0,170836,170836
0,0,762,762
0,0,231097,231097
1469,47665,581220,628885
46030,688511,463145,1151656
19535,0,571,571
0,0,331466,331466
0,0,628496,628496
0,0,172236,172236
0,0,762,762
0,0,476,476
0,0,0,0
10314,238949,128177,367126
60599,1027225,763,1027988
58423,831567,95,831662
61620,767682,0,767682
65020,298156,55030,353186
61179,639541,233021,872562
26604,683638,282394,966032
26638,681574,379790,1061364
26804,672888,452625,1125513
25350,649721,543001,1192722
26161,672032,592947,1264979
26017,659936,683873,1343809
27646,652203,596762,1248965
27919,661036,773155,1434191
28591,657556,618709,1276265
26572,641948,886994,1528942
27108,650394,829951,1480345
27936,659190,875752,1534942
27068,640653,806675,1447328
28492,658823,825897,1484720
29259,684992,877026,1562018
28864,661375,850094,1511469
28717,660437,789101,1449538
28416,684252,873357,1557609
26127,626148,971687,1597835
30343,687542,742842,1430384
35090,679218,871975,1551193
26681,644577,969138,1613715
31539,694260,968215,1662475
58604,705953,775728,1481681
55971,667673,970927,1638600
56883,701852,1009067,1710919
55895,641136,877398,1518534
63247,743022,1055639,1798661
54342,326900,873157,1200057
59752,808791,1062816,1871607
66162,383358,1075822,1459180
58554,743860,911735,1655595
67802,374400,915961,1290361
57495,851565,978099,1829664
61263,266310,996063,1262373
32550,456724,993723,1450447
29537,413070,878158,1291228
587,9531,863943,873474
6033,473944,579343,1053287
54071,600253,809101,1409354
58609,768662,854812,1623474
56950,656768,926285,1583053
59507,643140,787561,1430701
54074,496909,692441,1189350
54958,646480,720309,1366789
56279,568156,602343,1170499
39002,811314,835712,1647026
56027,716720,1011231,1727951
52962,623235,843699,1466934
54533,422307,793417,1215724
53600,664012,1017386,1681398
55391,623556,730411,1353967
21531,378559,791204,1169763
39044,434058,592634,1026692
32350,416526,695039,1111565
23852,404507,741793,1146300
50915,497543,736598,1234141
38000,475862,824545,1300407
36590,678091,846445,1524536
46442,446190,825342,1271532
27146,244501,843463,1087964
39141,562894,838048,1400942
46633,639245,961083,1600328
35707,521641,824056,1345697
47386,534227,867770,1401997
29593,519825,926957,1446782
45809,446510,1103294,1549804
41408,771468,954843,1726311
46409,562224,1115436,1677660
39482,389760,1033102,1422862
588,9538,935671,945209
10869,612185,915164,1527349
55402,707078,876347,1583425
34837,0,940799,940799
26469,820254,902888,1723142
57468,855884,1115115,1970999
42343,775785,920035,1695820
28148,699331,1051436,1750767
24663,704394,1014368,1718762
71741,239437,642535,881972
52506,865657,922188,1787845
71332,204123,557494,761617
59182,951286,876487,1827773
62334,642853,872819,1515672
59799,691946,1053642,1745588
58233,693951,924162,1618113
55563,646442,791340,1437782
57833,672549,969476,1642025
56351,636613,689345,1325958
58656,653990,690698,1344688
58321,648720,772117,1420837
60650,693509,922599,1616108
55710,638446,1060794,1699240
54567,636224,1150236,1786460
53897,617707,1049760,1667467
56685,651120,972962,1624082
56348,647628,1104537,1752165
60793,595860,1101828,1697688
58513,656104,1199461,1855565
55501,643348,1054101,1697449
59864,728525,1287242,2015767
59462,716884,1102011,1818895
57009,409763,975673,1385436
56667,816147,921898,1738045
60450,705619,1055482,1761101
58962,483375,1163216,1646591
54720,671296,1075155,1746451
54481,528510,1221957,1750467
44436,575655,1123364,1699019
41552,315977,1127951,1443928
0,0,1080663,1080663
37400,620255,1119450,1739705
57817,707593,1156774,1864367
55114,699682,824648,1524330
49643,526226,971466,1497692
53520,721107,1058741,1779848
58718,524640,1180816,1705456
50186,804126,1086371,1890497
51200,686684,955683,1642367
45916,570943,1068624,1639567
44383,481518,883133,1364651
44151,772704,1149096,1921800
54519,473035,1029575,1502610
46015,804403,1187429,1991832
53679,589785,991356,1581141
36991,646725,1088266,1734991
35064,158435,1138283,1296718
5738,491596,940575,1432171
51402,783782,1119634,1903416
57601,692807,1054435,1747242
57343,699307,1200886,1900193
58545,706741,922544,1629285
56763,499365,1077503,1576868
59452,808003,1050725,1858728
60785,411526,840345,1251871
62588,642302,954841,1597143
54734,530541,925305,1455846
48592,762737,1001709,1764446
55839,433972,832499,1266471
51426,507234,923318,1430552
33701,399308,746060,1145368
33922,530644,777557,1308201
25983,299479,837064,1136543
45087,418842,777446,1196288
28937,497518,1062937,1560455
42320,489295,880891,1370186
40650,542521,969204,1511725
38834,618158,860318,1478476
44614,566139,990585,1556724
29614,458790,1005770,1464560
44598,619414,873039,1492453
39081,457834,972307,1430141
28641,300392,762121,1062513
24197,269943,779056,1048999
20737,229838,738003,967841
0,0,697476,697476
0,0,604207,604207
17282,358462,674042,1032504
52556,691470,873710,1565180
40234,473712,693746,1167458
57065,730209,826281,1556490
53612,238289,738217,976506
42617,867635,840245,1707880
62437,559249,745407,1304656
38981,508514,729211,1237725
24737,38118,675650,713768
15588,221083,849816,1070899
22735,278534,1010534,1289068
27808,316826,789436,1106262
31906,383557,878985,1262542
36085,428621,738988,1167609
39775,474158,918606,1392764
42987,518846,1054106,1572952
46661,544211,869625,1413836
49182,584269,1016126,1600395
54012,625198,870680,1495878
57914,673251,1069174,1742425
55554,648826,823894,1472720
55983,677279,873088,1550367
58360,678271,790531,1468802
56387,675765,1056368,1732133
55588,683256,1067536,1750792
57020,680813,726038,1406851
58672,717690,966917,1684607
55396,678638,922281,1600919
57414,720902,968041,1688943
59152,743574,968715,1712289
58524,528358,817452,1345810
35170,622701,921675,1544376
56384,653916,793885,1447801
56535,647942,772198,1420140
59609,723798,787398,1511196
59555,721185,921821,1643006
58235,692861,742225,1435086
55486,590971,821530,1412501
57681,715200,689724,1404924
60043,667180,459403,1126583
61887,594369,742640,1337009
55213,768729,642956,1411685
57506,647132,688620,1335752
57779,568968,687698,1256666
60460,741227,789656,1530883
58619,653349,825271,1478620
58610,663226,825308,1488534
56314,631195,783931,1415126
57355,649822,787058,1436880
53836,614391,820979,1435370
58055,658960,923284,1582244
57728,621753,839757,1461510
59855,721442,817564,1539006
54763,634150,879930,1514080
59765,505796,739701,1245497
62007,566192,689947,1256139
57053,584264,277659,861923
60250,617191,595,617786
28190,630202,253500,883702
49042,653257,256468,909725
58514,647547,85453,733000
61520,671447,994,672441
33033,60127,183217,243344
0,0,232238,232238
0,0,97573,97573
0,0,571,571
0,0,253333,253333
0,0,159571,159571
0,0,70358,70358
0,0,953,953
0,0,140636,140636
0,0,248343,248343
0,0,229250,229250
0,0,761,761
0,0,476,476
0,0,0,0
0,0,190,190
0,0,763,763
0,0,95,95
0,0,0,0
0,0,0,0
0,0,0,0
0,0,78,78
0,0,0,0
0,0,0,0
0,0,0,0
9658,255324,58079,313403
30279,843134,374930,1218064
29767,677176,510033,1187209
28795,670750,547914,1218664
28197,645541,786517,1432058
28892,587780,702351,1290131
39580,588381,693541,1281922
49099,650878,642989,1293867
54790,660290,821396,1481686
59003,676523,918455,1594978
51226,666052,822665,1488717
56202,672681,788412,1461093
55489,681481,922859,1604340
57323,683951,689329,1373280
59530,714343,723080,1437423
58136,736611,888951,1625562
52358,650594,642566,1293160
57896,717301,772389,1489690
55007,686711,654528,1341239
62162,532764,689190,1221954
64082,564610,542138,1106748
63561,571072,839489,1410561
57752,498927,775601,1274528
58293,454210,658340,1112550
53383,892575,870143,1762718
58187,532288,674956,1207244
60152,536830,847902,1384732
32040,364336,690158,1054494
23798,262145,875369,1137514
26677,419356,793391,1212747
36264,445183,824043,1269226
24491,455514,782592,1238106
33072,533384,691644,1225028
2783,51049,714793,765842
440,9716,622458,632174
28335,505303,829502,1334805
53785,575085,695361,1270446
26033,410249,839187,1249436
43217,615110,825562,1440672
45669,576035,1016510,1592545
46896,694451,1055718,1750169
36485,578197,744413,1322610
42796,442783,1013738,1456521
37577,597604,880726,1478330
42999,529557,924744,1454301
38490,630366,958843,1589209
45453,749092,1022935,1772027
46469,478662,1255718,1734380
8090,6547,860292,866839
14716,748142,1037747,1785889
59539,832056,1074089,1906145
58607,765076,1086390,1851466
60559,635068,790843,1425911
60728,814089,1286026,2100115
50710,787941,1297413,2085354
46900,757477,1055457,1812934
78962,61495,1185657,1247152
50380,896781,942543,1839324
63441,571881,1105240,1677121
59504,461363,1120670,1582033
61231,747816,1078635,1826451
61003,888060,988616,1876676
58514,648989,1042787,1691776
58289,613777,950142,1563919
56774,717620,929369,1646989
58461,560947,718647,1279594
51485,267019,884601,1151620
35408,399548,856452,1256000
28838,399354,439000,838354
32265,434678,738136,1172814
39090,355156,831186,1186342
43915,550416,657451,1207867
49293,517480,903581,1421061
35289,255310,691703,947013
49362,528751,889054,1417805
40222,364981,693842,1058823
35879,312574,860562,1173136
37468,435422,895163,1330585
28960,280686,819114,1099800
3203,1456,896193,897649
12939,227786,1046708,1274494
62875,772726,1058272,1830998
59125,708190,1050159,1758349
58283,722597,984163,1706760
57899,719110,1000954,1720064
58864,701813,1069550,1771363
59298,753531,1096940,1850471
58567,739551,1103887,1843438
59190,735677,1102982,1838659
61058,741393,1069768,1811161
62469,774750,1281732,2056482
60037,752692,556034,1308726
59662,720471,229316,949787
68985,186330,446339,632669
38032,20295,436527,456822
52541,635399,763213,1398612
74981,701103,689547,1390650
72120,714374,785886,1500260
64242,679597,462461,1142058
53346,349738,773643,1123381
12166,337060,657706,994766
62743,689073,769948,1459021
61045,658583,832607,1491190
58006,647871,968906,1616777
67940,632007,955921,1587928
68918,614930,889626,1504556
64826,646277,1092910,1739187
58662,638626,1005586,1644212
58308,654499,1069734,1724233
58954,654661,875085,1529746
59231,659318,559871,1219189
66469,673306,691230,1364536
62450,656051,823378,1479429
63848,676662,1016733,1693395
65901,661269,773593,1434862
67638,664507,510466,1174973
70991,619610,278466,898076
32923,116565,307898,424463
57227,523849,284439,808288
5634,129541,122248,251789
54698,599748,312549,912297
32214,772228,413664,1185892
61918,873522,561357,1434879
63269,798988,543596,1342584
64824,778628,633706,1412334
86132,514032,576154,1090186
63231,702678,540834,1243512
68539,683596,561031,1244627
57190,589,437192,437781
26097,1176790,535396,1712186
77133,235173,567557,802730
55381,952639,920746,1873385
53750,598998,1020199,1619197
47088,659394,1149339,1808733
25302,633000,1101975,1734975
40973,632211,824817,1457028
42190,692600,1022435,1715035
56093,653635,743272,1396907
37992,617228,1054067,1671295
29434,639571,971961,1611532
54657,645048,920888,1565936
40832,633786,971374,1605160
48168,664248,918864,1583112
37774,647845,998460,1646305
49051,664040,1022439,1686479
43016,615513,1053633,1669146
55686,531624,872535,1404159
60356,702475,1015764,1718239
54127,637018,967117,1604135
56598,657365,1048026,1705391
58799,693997,1149300,1843297
60574,653929,970873,1624802
62732,635169,1151855,1787024
59485,634526,872097,1506623
68192,652926,966632,1619558
72573,673884,970016,1643900
57811,642560,1207483,1850043
58940,631872,1200219,1832091
61575,287976,418573,706549
45507,472596,709427,1182023
35681,462926,839746,1302672
30108,316747,786429,1103176
9313,54824,544469,599293
39758,348865,790679,1139544
34358,242620,511334,753954
2012,882,383801,384683
3570,60999,328218,389217
25810,269783,524756,794539
2947,10241,219359,229600
2090,7094,266207,273301
3945,10996,635178,646174
27180,416098,972408,1388506
62211,686418,1100875,1787293
51169,618515,1054049,1672564
67427,677257,1122455,1799712
53278,648917,1050578,1699495
48847,477996,820844,1298840
42811,676590,1075010,1751600
53638,552613,918041,1470654
44511,447375,944404,1391779
45860,903498,1042238,1945736
59315,700777,1106405,1807182
58075,609289,965475,1574764
61369,647842,1056296,1704138
59406,696920,1126516,1823436
62918,521756,981030,1502786
63953,723373,1162659,1886032
63078,791846,1103801,1895647
55633,688389,1112277,1800666
57583,370573,1072325,1442898
46512,1044389,1141357,2185746
58065,676729,1159207,1835936
64965,493070,1208551,1701621
54849,402088,1065739,1467827
12189,5246,806349,811595
41957,825867,1075365,1901232
66425,632647,951211,1583858
62814,683605,1038488,1722093
61685,592950,1006846,1599796
60365,735241,1150461,1885702
56459,632634,873293,1505927
69648,548265,1009928,1558193
68880,829839,1108234,1938073
58906,432020,903430,1335450
22877,588,857669,858257
39958,1003121,1189177,2192298
61137,788937,1065725,1854662
43026,693339,412501,1105840
62260,691987,595,692582
41196,710498,348757,1059255
32773,762508,703701,1466209
57384,688789,595,689384
74281,349277,794,350071
62236,28357,539863,568220
1816,880,304005,304885
594,293,760,1053
2317,1027,571,1598
1621,737,95,832
2744,1322,0,1322
1557,736,764,1500
924,440,571,1011
15996,401723,507844,909567
41898,1031887,765073,1796960
43551,688892,0,688892
63409,696189,1333,697522
65546,718636,67433,786069
63380,246784,0,246784
39036,976866,571,977437
64657,590518,304785,895303
49626,683987,588974,1272961
38118,705383,457815,1163198
31937,699920,836865,1536785
35343,704116,885522,1589638
39582,688424,882769,1571193
41913,698960,1024790,1723750
32277,680175,836419,1516594
32195,683739,1127581,1811320
31403,699205,878220,1577425
30612,682845,934479,1617324
31191,679572,748496,1428068
30740,680423,1036485,1716908
41329,690278,1054157,1744435
33454,648327,897428,1545755
31371,664191,931423,1595614
35021,627406,619427,1246833
36061,673651,997253,1670904
29293,665432,841196,1506628
29586,675111,877597,1552708
29555,692316,872496,1564812
29670,673662,688945,1362607
28654,681711,972055,1653766
27785,661507,923685,1585192
27105,669004,1045337,1714341
28624,639776,920555,1560331
46285,801795,834822,1636617
61750,473648,774563,1248211
76222,593688,905892,1499580
58481,350286,1005132,1355418
53478,814009,903416,1717425
62964,697758,1068658,1766416
71842,607300,868117,1475417
67898,784290,1002534,1786824
62173,693176,836968,1530144
60282,481271,1031319,1512590
62256,812737,938584,1751321
60993,782115,857812,1639927
57899,486144,1097555,1583699
61513,737074,994361,1731435
60492,789014,1096434,1885448
46418,254315,445204,699519
43241,680116,714566,1394682
47678,638055,898579,1536634
53426,781067,1079009,1860076
45489,464356,1159644,1624000
50027,724056,1085494,1809550
51222,361088,1102672,1463760
1765,9543,898938,908481
3379,231365,915407,1146772
49512,593983,1027292,1621275
48345,597974,1131811,1729785
45614,599558,1069881,1669439
45033,618452,1076255,1694707
42825,546564,949809,1496373
38212,497619,1055560,1553179
46865,694117,1161371,1855488
32549,338685,990720,1329405
27813,521829,1004517,1526346
45823,498211,1010608,1508819
21465,301820,967469,1269289
31773,526103,1077626,1603729
21424,196724,729913,926637
440,9340,941429,950769
33234,638510,1182276,1820786
50771,683760,1250610,1934370
57372,473560,824544,1298104
3502,135687,912927,1048614
61092,871429,1074706,1946135
58196,733479,1050722,1784201
57480,738318,1053509,1791827
54651,691887,790811,1482698
53300,752578,1018291,1770869
52278,642002,822525,1464527
38065,742474,1149799,1892273
26606,760378,969263,1729641
25260,676382,1051908,1728290
35425,676668,1019189,1695857
73726,118974,524782,643756
59540,1000574,911560,1912134
70441,547272,916144,1463416
41501,705672,929828,1635500
57553,708154,906494,1614648
49796,703320,920275,1623595
40268,656097,872288,1528385
51430,671826,972257,1644083
32580,659813,825486,1485299
47036,644036,919878,1563914
28420,643354,1015202,1658556
37772,649495,870038,1519533
35051,641860,1105672,1747532
27789,647056,926504,1573560
44388,652962,1018041,1671003
45785,694865,1058574,1753439
59697,540657,791326,1331983
65225,502879,1005612,1508491
55387,665307,1070032,1735339
53120,652554,1100806,1753360
54482,634889,1054809,1689698
58780,685588,1252164,1937752
57412,660380,1105483,1765863
48645,466178,638666,1104844
53254,715542,967692,1683234
49461,527823,828168,1355991
44452,411894,782053,1193947
48321,745724,793866,1539590
50527,586803,954820,1541623
36805,480063,740333,1220396
46433,369105,608374,977479
33168,506246,878982,1385228
13798,424752,507525,932277
45870,451966,876826,1328792
40619,515702,820642,1336344
2641,45363,822877,868240
5728,482559,800727,1283286
49262,733412,808777,1542189
56363,672576,1189248,1861824
58065,584646,917392,1502038
56828,748370,851726,1600096
59489,653636,1043857,1697493
63384,472479,1103900,1576379
60054,720944,960143,1681087
50950,596871,1073624,1670495
53965,784182,983014,1767196
60290,483974,1090746,1574720
40103,441344,1376776,1818120
24415,312219,922172,1234391
24732,413242,1078306,1491548
31184,444721,1088291,1533012
36717,473733,1016474,1490207
2644,39988,827741,867729
586,95141,743311,838452
41539,525908,1256062,1781970
50897,631590,1057593,1689183
43775,497210,1186111,1683321
51117,616345,923941,1540286
41077,557358,1100962,1658320
52430,526386,972058,1498444
33980,507206,1157886,1665092
49466,633086,1040432,1673518
46546,651413,992613,1644026
47624,722021,1068860,1790881
38582,527580,726401,1253981
45171,467727,1020211,1487938
50910,785441,1024395,1809836
51388,565521,1142617,1708138
51958,691367,835708,1527075
46495,515999,1039093,1555092
62753,680641,1169261,1849902
58912,449574,919407,1368981
41895,766205,1074521,1840726
57730,545368,790074,1335442
53157,755479,1075204,1830683
53178,745675,1038050,1783725
57329,688401,1071572,1759973
57663,670090,918075,1588165
54308,492500,952669,1445169
56695,503827,611557,1115384
50350,781949,939698,1721647
62342,607523,1133520,1741043
48474,471501,959222,1430723
51193,795239,1087998,1883237
48404,460812,958440,1419252
45462,482499,1075848,1558347
2941,24503,1078439,1102942
11750,648985,705767,1354752
55769,624161,1023527,1647688
56266,727565,1014531,1742096
59078,680188,1010744,1690932
59281,430180,969536,1399716
58166,847218,1022603,1869821
51716,646187,824611,1470798
56900,620842,807780,1428622
55655,302564,909703,1212267
41059,474127,926662,1400789
16869,230045,819624,1049669
19161,254776,662288,917064
29314,378659,1006228,1384887
588,9538,877295,886833
12333,324936,972549,1297485
57191,656154,1157254,1813408
50053,570525,773522,1344047
54588,652498,886677,1539175
56198,674775,1105392,1780167
52264,609316,1101767,1711083
55542,685874,1015333,1701207
54691,699536,953734,1653270
51646,664190,1019511,1683701
52974,685005,875400,1560405
52036,504857,1059822,1564679
53255,791106,879449,1670555
56083,684935,970537,1655472
56302,655490,916988,1572478
60639,744672,929804,1674476
56925,683794,918338,1602132
57100,567368,1241474,1808842
57727,779801,1011662,1791463
59717,787896,848958,1636854
62361,775576,1047571,1823147
60379,674462,914844,1589306
61569,704963,1155695,1860658
55421,895655,874023,1769678
65405,450485,1005172,1455657
73823,619463,1022203,1641666
60817,609611,923372,1532983
55705,707749,1152114,1859863
58818,700773,1024494,1725267
57794,678394,1027187,1705581
56708,451489,936886,1388375
62537,777877,1070635,1848512
57858,412236,959203,1371439
59144,653575,1115524,1769099
45545,235451,1039671,1275122
28801,451557,891735,1343292
15588,163062,1038530,1201592
0,0,612530,612530
4538,116931,899027,1015958
50314,573896,643188,1217084
49516,668842,596,669438
32255,682240,596,682836
31453,686606,183100,869706
32002,692130,596,692726
35875,689427,410623,1100050
56626,653634,789181,1442815
61839,554112,146763,700875
735,0,763,763
0,0,221922,221922
298,147,572,719
691,294,482746,483040
0,0,324073,324073
15572,287231,477,287708
62462,835744,762,836506
63191,745141,535081,1280222
47021,697800,530931,1228731
60285,762268,214214,976482
63345,746882,210328,957210
48227,776542,793897,1570439
28936,777401,693137,1470538
26514,712391,741716,1454107
26400,749040,793706,1542746
62361,335325,637436,972761
66766,796344,544089,1340433
72127,526576,889436,1416012
44496,761167,1099824,1860991
28113,701651,971922,1673573
33219,682397,642505,1324902
26099,640043,916733,1556776
27265,660197,970020,1630217
26817,649351,1153821,1803172
25996,645214,872682,1517896
27934,673749,972215,1645964
28965,678259,1005656,1683915
34396,671542,791561,1463103
28502,655887,1156817,1812704
39067,642813,407229,1050042
56567,653682,644286,1297968
32240,638114,790825,1428939
61069,697170,695377,1392547
46157,642014,741417,1383431
56290,649021,688050,1337071
54907,680805,992085,1672890
56097,640456,461520,1101976
57858,273859,534419,808278
59763,1046554,942735,1989289
63673,502301,1102553,1604854
57774,497921,875912,1373833
59881,784066,1016672,1800738
65407,439636,973070,1412706
57039,779856,949623,1729479
53248,728746,1153893,1882639
52539,539837,1044565,1584402
47691,752792,1184962,1937754
56945,407199,777925,1185124
36409,535802,996172,1531974
9434,6187,647449,653636
737,9563,473156,482719
36166,971759,1084317,2056076
54897,613462,1005205,1618667
56687,655242,1015985,1671227
58563,525327,1059535,1584862
58007,689464,1207464,1896928
58121,757191,828747,1585938
53068,492936,1143173,1636109
56618,773367,1031716,1805083
58564,463244,766794,1230038
43377,801006,985798,1786804
53929,475461,889068,1364529
48187,560509,874909,1435418
41446,182953,358935,541888
14093,275409,789110,1064519
33019,239043,561772,800815
14541,426694,1138241,1564935
50404,511369,743275,1254644
22995,341234,744086,1085320
10578,126701,793606,920307
870,0,678022,678022
0,0,890616,890616
12301,250144,446507,696651
55632,681742,1029557,1711299
50923,649374,1051571,1700945
50302,600689,924395,1525084
29593,335018,703231,1038249
60217,623165,574626,1197791
32635,324026,792518,1116544
33204,322716,823514,1146230
45672,802122,1148607,1950729
55084,459353,841680,1301033
46323,780470,1149522,1929992
53531,699796,1161183,1860979
58129,717758,1057038,1774796
56087,676751,1156491,1833242
57015,625585,956779,1582364
64018,640931,1098083,1739014
58916,478395,1107337,1585732
58015,689797,1139462,1829259
58619,795074,1023335,1818409
56773,559154,936524,1495678
62702,709116,1136878,1845994
57817,398476,1032788,1431264
49443,778594,1027968,1806562
55964,804862,893867,1698729
47412,542540,967967,1510507
55928,774420,1065504,1839924
52414,450228,1247876,1698104
58845,589825,1157458,1747283
36230,504272,881324,1385596
19954,440606,1021001,1461607
24386,180302,403207,583509
0,0,688097,688097
0,0,541432,541432
13647,309462,595288,904750
55504,692095,1121537,1813632
57299,693626,1022044,1715670
58057,679875,1151795,1831670
59261,689047,871829,1560876
59385,684634,739335,1423969
58299,660285,587944,1248229
57441,653397,692396,1345793
57930,670043,742260,1412303
56948,673611,968809,1642420
56273,687295,1151717,1839012
57665,698156,951695,1649851
54393,656111,1245873,1901984
56311,686022,928923,1614945
57995,660500,1150721,1811221
54556,729052,1101121,1830173
54423,659815,1241382,1901197
57613,729393,1152694,1882087
56417,685041,870928,1555969
59093,580091,1040868,1620959
59089,806457,934498,1740955
56490,792946,1024072,1817018
59592,448340,742566,1190906
72877,521711,1087123,1608834
58354,624416,1090930,1715346
53299,586579,888184,1474763
55556,337753,1007811,1345564
44760,636502,827106,1463608
14841,207082,965353,1172435
8663,92371,649286,741657
0,0,430737,430737
0,15868,778072,793940
26748,575360,562331,1137691
37101,679553,846767,1526320
44660,673773,1002413,1676186
57253,704862,1201760,1906622
58167,674096,1072248,1746344
58919,697806,1234201,1932007
58835,673289,838586,1511875
58944,697107,1283121,1980228
58350,673005,835831,1508836
57646,672958,1103256,1776214
58062,695850,1000234,1696084
55282,667971,920114,1588085
55100,663475,1052440,1715915
57977,707118,965965,1673083
55463,678673,923897,1602570
56019,690801,918741,1609542
58560,732678,1101648,1834326
51194,612547,964484,1577031
58149,746123,722119,1468242
58496,721195,1100600,1821795
56566,678527,970589,1649116
56560,691678,1059303,1750981
51757,581824,687573,1269397
70591,614543,768710,1383253
74562,528019,621987,1150006
58712,522171,805484,1327655
50054,511665,990440,1502105
37688,283868,456977,740845
10102,172435,886480,1058915
30427,407754,778602,1186356
588,6361,767547,773908
440,6158,413929,420087
18443,377695,487354,865049
57746,543268,776977,1320245
9734,219866,738415,958281
62611,699207,968196,1667403
60489,683801,694853,1378654
59990,681269,926746,1608015
60830,694820,918821,1613641
58305,686096,774581,1460677
61550,695958,1018633,1714591
50304,651782,923893,1575675
61707,738972,1019785,1758757
41771,462837,555182,1018019
46734,736361,1007504,1743865
53011,338242,670922,1009164
16476,178126,820598,998724
39994,816876,821197,1638073
38840,490091,973217,1463308
47824,633162,1054834,1687996
56323,624712,694654,1319366
35355,487326,928594,1415920
50854,134623,641390,776013
3885,134568,698874,833442
40036,470083,511939,982022
30655,264490,183045,447535
0,0,237893,237893
0,0,91862,91862
11179,292420,610076,902496
22084,489677,138906,628583
31814,550576,464837,1015413
41918,576208,684376,1260584
52302,620497,884943,1505440
55605,671583,905863,1577446
59538,693311,1195667,1888978
60470,697991,1137915,1835906
55985,686460,641727,1328187
58616,701986,1099587,1801573
59379,700642,739027,1439669
60265,724435,1051167,1775602
58291,706949,828580,1535529
60116,734127,1060740,1794867
58696,737398,1018911,1756309
57907,721372,1101813,1823185
58130,737289,1281861,2019150
57965,749940,1065805,1815745
58119,752245,1048524,1800769
59208,766550,1051977,1818527
58460,712800,1114745,1827545
51495,808653,1005851,1814504
60014,747026,1068590,1815616
73264,109424,1007361,1116785
52476,730463,982786,1713249
58021,567080,1090440,1657520
59143,614849,741856,1356705
43796,697609,1107197,1804806
53001,550155,607649,1157804
29819,352177,826634,1178811
51387,731456,986344,1717800
55301,583821,725500,1309321
27061,388518,779449,1167967
39217,510580,609502,1120082
48688,720660,1057102,1777762
51755,528486,787609,1316095
24229,0,793,793
0,0,594,594
0,0,608059,608059
9133,101550,451363,552913
0,0,597,597
0,0,595,595
0,0,635740,635740
0,0,383346,383346
0,0,762,762
0,0,274898,274898
0,0,572,572
0,0,168424,168424
16608,377989,1086467,1464456
58468,456622,697822,1154444
0,0,763,763
0,0,571,571
42439,684341,787355,1471696
43174,747358,545406,1292764
54721,114621,763,115384
0,0,331987,331987
0,0,469335,469335
0,0,0,0
0,0,0,0
0,0,0,0
0,0,0,0
3380,98690,18486,117176
26882,911189,391311,1302500
25942,861235,779720,1640955
26939,824199,1187409,2011608
28033,811465,1046885,1858350
43126,465876,671590,1137466
72366,719293,510169,1229462
66140,633168,1077748,1710916
32427,648290,823229,1471519
50212,718000,887153,1605153
37507,696292,825271,1521563
50479,703443,739540,1442983
35411,666432,920634,1587066
51182,626055,541881,1167936
57364,662626,923641,1586267
53925,601383,426387,1027770
58672,683954,1184848,1868802
55539,642478,884929,1527407
58619,657316,860228,1517544
55077,646008,1009388,1655396
57162,646266,329309,975575
56256,615368,638917,1254285
60979,532678,460460,993138
53589,693169,560796,1253965
59300,331141,558744,889885
31962,498410,721109,1219519
46611,630620,1023924,1654544
46369,443538,1025628,1469166
47090,721524,1133277,1854801
47749,417652,882291,1299943
36444,730451,1010044,1740495
15784,0,837503,837503
0,0,903935,903935
39394,675027,975111,1650138
23213,253943,923150,1177093
61911,709068,1119253,1828321
36130,179312,544290,723602
0,0,904054,904054
35231,649734,973890,1623624
59295,674484,1103341,1777825
60376,621613,1083656,1705269
57393,683241,1066545,1749786
56493,672883,1216472,1889355
56628,667756,964071,1631827
55351,655087,870428,1525515
53148,587854,607551,1195405
58029,665749,875418,1541167
52274,651231,587037,1238268
56914,639145,837759,1476904
58787,663586,772434,1436020
58841,657225,971523,1628748
57820,667095,1153337,1820432
56168,659457,870358,1529815
59233,671507,737207,1408714
60040,565768,741584,1307352
57706,681094,1017935,1699029
54972,658054,1001819,1659873
54814,634740,1247978,1882718
58696,696024,1285935,1981959
54555,639822,1066596,1706418
55509,670897,1229604,1900501
56036,635451,1021249,1656700
56839,646892,1105785,1752677
57142,652797,868084,1520881
57910,663822,1152188,1816010
56897,658812,1200217,1859029
55486,627858,1196619,1824477
58058,668511,1235604,1904115
57617,655611,1199419,1855030
55667,672531,1196381,1868912
57797,680304,1101234,1781538
57086,671609,1070281,1741890
57668,661424,1053012,1714436
57089,556181,1109357,1665538
56031,715824,1155409,1871233
56425,710749,1071531,1782280
54022,327680,821602,1149282
58923,575368,449764,1025132
25992,269313,830889,1100202
25865,285237,746373,1031610
29453,474323,1104108,1578431
43594,684231,1080698,1764929
44102,624329,1275812,1900141
12791,90139,1224571,1314710
28880,523942,1088087,1612029
57895,653933,1294837,1948770
57579,666032,1011328,1677360
58783,673068,1190565,1863633
57170,659090,1103318,1762408
55678,540365,1018434,1558799
53283,711674,1149209,1860883
56328,667419,1056281,1723700
55334,651329,1151306,1802635
59412,697296,1103269,1800565
59780,696286,1249813,1946099
59592,547507,1108405,1655912
56195,846242,1332356,2178598
59675,710951,1357348,2068299
61142,605891,1083883,1689774
61793,838577,1378090,2216667
60212,576706,1330484,1907190
58659,883888,1459307,2343195
56951,694213,1228759,1922972
55957,697326,1311565,2008891
57964,731848,1046597,1778445
58115,711897,1338447,2050344
49965,682268,1202799,1885067
50306,528891,974699,1503590
53524,730853,1105499,1836352
78480,64582,1048408,1112990
48598,952133,1227672,2179805
59481,614501,1051513,1666014
58792,672611,1238540,1911151
56166,740548,1297484,2038032
60731,361017,1153431,1514448
59071,887377,1165058,2052435
61383,655372,821257,1476629
46589,553314,1011743,1565057
47580,530468,904029,1434497
4846,24469,812267,836736
440,6534,556599,563133
26949,835469,776315,1611784
60795,486546,883149,1369695
48494,403412,676364,1079776
27910,322106,653107,975213
26155,277167,651250,928417
33098,511718,1016509,1528227
36698,459838,1070655,1530493
35419,521536,1189883,1711419
31685,434551,1156603,1591154
28640,478231,971322,1449553
36801,458535,1154672,1613207
1762,9715,607028,616743
732,9508,838468,847976
34089,515630,1039354,1554984
45672,528432,1196193,1724625
55170,679488,1155192,1834680
50100,632917,1199941,1832858
53553,679659,1267844,1947503
45763,616761,1196301,1813062
53824,696550,1337021,2033571
55453,657778,1280534,1938312
55658,528867,1018706,1547573
57675,765287,1114769,1880056
58943,805344,1207692,2013036
58913,788175,1020273,1808448
60897,784801,1069957,1854758
62187,434622,1135347,1569969
57320,713338,1107153,1820491
52978,691784,1206772,1898556
56715,656516,1339446,1995962
57603,670407,1433756,2104163
56392,653541,1179947,1833488
50012,95039,1338418,1433457
19089,708953,1170983,1879936
60832,790381,1254903,2045284
57004,691679,1285608,1977287
56353,684179,1152123,1836302
59267,695447,1054746,1750193
57720,674576,1119654,1794230
58856,698982,1222329,1921311
56855,691742,1246662,1938404
54379,648527,1203706,1852233
56471,666996,1002870,1669866
56053,641445,969925,1611370
57611,650284,921111,1571395
59411,658697,681339,1340036
58006,520925,965866,1486791
61509,789764,940493,1730257
54856,667398,1057329,1724727
59577,701623,1204179,1905802
58955,698913,919376,1618289
57881,711164,1141205,1852369
54154,678797,921742,1600539
58068,428793,1068464,1497257
59058,581068,1138671,1719739
69772,564263,1203087,1767350
60200,712260,1152178,1864438
59463,679362,1197333,1876695
59009,694285,1383386,2077671
54222,628148,1376189,2004337
59734,617343,1335655,1952998
58285,654977,1143720,1798697
58289,668349,1297165,1965514
60178,675569,1081833,1757402
54068,558166,1166957,1725123
57601,303422,1176449,1479871
0,141252,734120,875372
49860,805344,1403610,2208954
59271,603458,1068178,1671636
60789,693036,1147727,1840763
61049,636853,1125822,1762675
60972,749518,1224771,1974289
60076,702517,1185240,1887757
57035,697973,1115068,1813041
56721,671711,1134181,1805892
51041,567060,713063,1280123
47506,338929,1189258,1528187
26456,239656,741860,981516
13537,219337,1098467,1317804
30009,348546,793646,1142192
28849,306466,1236680,1543146
24067,296406,1020784,1317190
0,0,949463,949463
1472,91753,625987,717740
49153,556121,789712,1345833
41142,516553,1001117,1517670
48316,576309,713127,1289436
32075,371224,862093,1233317
46054,617952,1005541,1623493
30308,279571,706180,985751
20896,231714,673349,905063
49555,650286,560483,1210769
19282,50547,596,51143
0,0,595,595
0,15890,695243,711133
15173,237528,408910,646438
440,6159,595,6754
440,3360,192468,195828
441,9552,646917,656469
6327,88705,424572,513277
1470,0,572,572
0,0,388138,388138
0,0,487150,487150
0,0,43169,43169
0,0,761,761
0,0,475,475
0,0,0,0
0,0,190,190
0,0,763,763
0,0,477,477
0,0,0,0
12485,311249,82843,394092
29016,783425,764,784189
30724,832595,95,832690
30440,820515,0,820515
29103,787984,0,787984
37931,755146,0,755146
75040,566040,0,566040
65285,658604,0,658604
30699,692350,0,692350
28644,654269,0,654269
29120,664622,0,664622
30675,698327,0,698327
49294,600703,0,600703
75163,507193,0,507193
52172,627968,0,627968
32015,711474,0,711474
29112,666299,215082,881381
28964,693770,376726,1070496
30523,669069,559169,1228238
74267,474513,1008804,1483317
25868,645692,1195509,1841201
28386,693093,780609,1473702
26365,664477,1202547,1867024
27561,692706,688325,1381031
56267,680690,735799,1416489
26797,619323,1104298,1723621
27413,654249,968647,1622896
27449,643345,1157154,1800499
28950,665779,1020569,1686348
26861,639224,1060268,1699492
55232,485384,923247,1408631
37800,12861,546216,559077
22006,475492,1238931,1714423
53100,775456,1253097,2028553
43261,734311,1091393,1825704
35704,725286,1100847,1826133
27303,727213,1146746,1873959
27493,723050,972630,1695680
27821,729991,1151507,1881498
28137,718167,641089,1359256
39119,745383,920478,1665861
60440,432211,949925,1382136
55502,762846,345824,1108670
48855,673784,875205,1548989
50127,691962,820844,1512806
29504,694129,1016927,1711056
31135,664053,876963,1541016
34119,682908,1046862,1729770
27409,671679,837918,1509597
35487,644011,1100009,1744020
27321,649016,1201949,1850965
40553,685652,1011868,1697520
58880,658311,1114498,1772809
54175,643849,919592,1563441
58155,653927,1156482,1810409
58713,645941,1006239,1652180
59108,514620,972756,1487376
58433,752720,1203111,1955831
58429,671262,1061167,1732429
62678,390001,1163464,1553465
64468,519750,1060121,1579871
55516,461816,1050124,1511940
40169,752322,1216518,1968840
19418,30312,1114839,1145151
23977,662117,1042333,1704450
44943,506241,1201079,1707320
58161,485673,1150898,1636571
57228,719157,1102765,1821922
57910,694864,1201674,1896538
55937,413242,1066608,1479850
49026,789341,1144028,1933369
52967,731695,920425,1652120
43906,443238,1007109,1450347
47177,752297,1300599,2052896
56158,590438,1289882,1880320
48119,625323,1259002,1884325
40125,302282,588017,890299
0,0,1279427,1279427
31913,680580,971654,1652234
59632,727970,1246174,1974144
58227,686448,970816,1657264
58472,667266,1283008,1950274
62303,328120,1164580,1492700
15421,452805,1005365,1458170
59303,708335,1066402,1774737
55039,659231,1141663,1800894
57373,673910,1277857,1951767
57120,659639,1299798,1959437
57951,691662,1193790,1885452
52007,599435,1003082,1602517
57063,665168,1020037,1685205
59375,695550,967752,1663302
56523,647577,824414,1471991
55473,646404,230472,876876
38049,636220,97772,733992
55691,609079,180453,789532
60663,668437,736256,1404693
57998,656797,1234519,1891316
57316,660783,1304105,1964888
57307,646856,823899,1470755
59526,676528,1054621,1731149
57776,665064,830802,1495866
60828,678350,947740,1626090
57615,632108,619466,1251574
58808,588813,862270,1451083
57140,814338,1214401,2028739
58379,623900,1157223,1781123
57672,666534,1201530,1868064
59418,446699,564748,1011447
57831,925797,1051990,1977787
65259,349623,739553,1089176
48885,431493,984986,1416479
38661,864547,995915,1860462
60725,482674,846629,1329303
46499,848195,1252714,2100909
56718,746808,1027628,1774436
58541,553014,1398731,1951745
26341,142304,1122845,1265149
54615,671851,1565746,2237597
54102,658571,1205244,1863815
51419,630079,1412187,2042266
55825,686308,1470630,2156938
35579,477026,1146248,1623274
51708,674725,1492630,2167355
46010,479381,1161426,1640807
39387,626583,1181416,1807999
32025,459087,1114866,1573953
38982,432803,877289,1310092
21990,217929,829413,1047342
31426,367776,1123224,1491000
40830,655237,1339125,1994362
31260,418491,1092129,1510620
41262,449740,1280800,1730540
4694,21457,987579,1009036
16887,518098,1202517,1720615
56194,693201,1205951,1899152
57500,683259,1380030,2063289
56524,681566,1288495,1970061
55756,687448,1208317,1895765
56608,701474,1233814,1935288
59062,673855,1215410,1889265
58471,774781,1277840,2052621
56566,456966,958842,1415808
60331,768642,1305092,2073734
55943,778382,1330231,2108613
50719,0,1075904,1075904
54722,1326396,1509458,2835854
74894,331640,1058714,1390354
59058,954338,1107353,2061691
30997,732450,1114759,1847209
28854,718509,1186430,1904939
28862,713015,1019550,1732565
29022,713711,1249594,1963305
29101,702874,1237513,1940387
29641,710525,1254875,1965400
29078,698967,1333590,2032557
28773,683381,1155268,1838649
30227,680958,1204483,1885441
78530,155485,749027,904512
61807,975289,1146884,2122173
66920,615180,1101537,1716717
51296,669904,1051000,1720904
44698,665596,1200422,1866018
55724,673778,872866,1546644
35286,629059,1099110,1728169
50251,556807,600290,1157097
64992,615774,932568,1548342
57103,658712,692156,1350868
58535,679397,1196507,1875904
58375,691470,1186185,1877655
56174,657462,971024,1628486
58639,680771,1148889,1829660
54815,636433,970572,1607005
55618,626470,1093300,1719770
56718,583272,644051,1227323
58507,696087,1156478,1852565
59017,656286,977034,1633320
61007,503052,1009429,1512481
57882,694898,1318936,2013834
57289,590594,1270952,1861546
59981,703429,1346603,2050032
51515,673313,1288216,1961529
62891,572918,1307350,1880268
49473,488418,1237998,1726416
1321,9524,1168217,1177741
28177,727771,1102749,1830520
57799,711318,1122405,1833723
56280,696199,1146856,1843055
60748,527224,1002685,1529909
57927,757889,974784,1732673
54819,405295,878780,1284075
40284,814564,1285597,2100161
52556,627190,1342440,1969630
37660,473015,803399,1276414
46291,674571,1406540,2081111
52011,320265,1131365,1451630
31532,449826,1287477,1737303
15831,543064,968196,1511260
56332,717604,1349385,2066989
56306,659677,1105773,1765450
57472,684924,1150545,1835469
55143,668528,1098727,1767255
57811,688329,1017796,1706125
57339,694967,1146612,1841579
54830,667197,688933,1356130
57126,708089,874045,1582134
52250,634686,824012,1458698
56826,730997,1020161,1751158
45524,694449,913218,1607667
59343,741347,871391,1612738
36707,734862,1013985,1748847
69230,167039,885071,1052110
62699,942675,861984,1804659
74637,557252,1048959,1606211
56176,702478,1297952,2000430
59623,708467,1232214,1940681
57792,698198,1348065,2046263
57782,691906,1232084,1923990
56282,650237,1102251,1752488
62636,546068,327921,873989
49426,612456,795,613251
31093,693554,557916,1251470
54225,704435,132340,836775
63386,432273,596,432869
12198,0,508747,508747
0,0,557999,557999
0,0,572,572
0,0,761,761
0,0,95,95
0,0,0,0
0,0,572,572
0,0,572,572
0,0,286,286
15863,449792,423767,873559
45795,894400,180214,1074614
63460,708293,571,708864
63060,467015,28789,495804
19693,0,0,0
0,0,571,571
0,88520,75609,164129
25264,856027,536590,1392617
27137,862315,641080,1503395
25584,738393,856621,1595014
24101,667478,906619,1574097
26529,708392,943659,1652051
25157,680539,877773,1558312
28028,772879,957099,1729978
49183,451201,708363,1159564
66694,595090,42905,637995
50882,652466,949574,1602040
51318,590932,966487,1557419
26822,672162,1145888,1818050
26412,672995,914560,1587555
25390,640822,1205846,1846668
27890,694521,1147647,1842168
28221,650603,790831,1441434
27892,648816,749951,1398767
27802,647348,763193,1410541
29274,654672,792241,1446913
30023,688273,745228,1433501
26308,624347,827036,1451383
31558,655521,795449,1450970
36883,648707,1009200,1657907
31164,640170,839701,1479871
54466,679448,1154890,1834338
29935,659957,1232234,1892191
55351,660604,926663,1587267
58692,650535,1070493,1721028
56500,666157,1060635,1726792
59219,688156,1150297,1838453
57676,661692,1095242,1756934
57904,418834,1102466,1521300
58535,678649,1263247,1941896
58618,722242,1044652,1766894
65420,198900,1093839,1292739
587,0,797018,797018
3975,189682,842522,1032204
58722,568628,945817,1514445
51942,906745,1149240,2055985
57429,667096,993074,1660170
57272,662871,1429688,2092559
54312,672906,1292557,1965463
56858,630480,1055675,1686155
58937,676901,1287705,1964606
59350,402342,1222296,1624638
61891,959345,1317834,2277179
52416,406165,1157500,1563665
54622,769640,1153995,1923635
54757,743128,1202162,1945290
44019,467686,824129,1291815
53310,755967,1257600,2013567
53633,476198,1021862,1498060
52750,820425,1166279,1986704
53394,458173,990680,1448853
48076,761256,1126541,1887797
61371,588213,945439,1533652
57083,647095,1089940,1737035
42897,357629,1145749,1503378
7345,9529,1012639,1022168
27401,819577,1076247,1895824
58217,710464,1058605,1769069
60182,714789,1294136,2008925
39236,50277,936756,987033
21522,698605,1094952,1793557
55314,691176,1156206,1847382
57304,664739,1102566,1767305
56493,640136,1247674,1887810
58372,678866,1190290,1869156
55157,627087,1114944,1742031
59545,684410,1235700,1920110
56642,665929,1244617,1910546
56578,658300,1096685,1754985
56383,640933,1101826,1742759
56690,661628,969215,1630843
55306,635698,872424,1508122
55315,651473,869472,1520945
57178,639148,924881,1564029
57980,718394,1066460,1784854
54928,655847,1098296,1754143
57538,692795,1103047,1795842
58065,709347,1245864,1955211
56153,667453,1052157,1719610
58977,744317,1102573,1846890
53974,667027,1118561,1785588
49072,716454,1001750,1718204
64215,572252,1102027,1674279
72581,476096,1020179,1496275
50994,398652,938923,1337575
54330,719805,958388,1678193
57790,568569,1056404,1624973
55981,713504,967670,1681174
60098,743955,1157139,1901094
55643,418450,782833,1201283
53397,855891,1123855,1979746
60412,293949,910153,1204102
32039,485652,996322,1481974
31831,477108,1135623,1612731
441,30518,757650,788168
39576,912975,1315950,2228925
60220,639274,1006972,1646246
58595,733841,1019861,1753702
61870,492897,827572,1320469
48278,811729,919839,1731568
47186,545744,413873,959617
43110,473081,926945,1400026
43105,211465,937722,1149187
39336,826535,775147,1601682
57112,638998,641000,1279998
58102,650980,603189,1254169
57837,649949,594704,1244653
58126,664990,556032,1221022
58292,688051,1152786,1840837
54282,646619,823284,1469903
58370,677313,639763,1317076
60052,705760,740581,1446341
57497,673091,409009,1082100
57889,674357,460439,1134796
60479,720672,739139,1459811
62547,611910,822867,1434777
73339,589065,737837,1326902
58125,664577,688485,1353062
59381,718990,918966,1637956
56877,654234,277909,932143
59697,684464,640899,1325363
58420,667602,507218,1174820
58500,666096,689153,1355249
59580,672271,458632,1130903
59289,379584,374478,754062
59975,966346,716787,1683133
66201,464366,560041,1024407
62315,619865,692700,1312565
59544,707775,914451,1622226
59023,678433,888152,1566585
57405,287567,710336,997903
58600,828684,978309,1806993
64906,740899,847051,1587950
40404,123034,419882,542916
7719,197109,631744,828853
57501,796835,554908,1351743
53335,483642,578013,1061655
21726,415435,525235,940670
50653,879358,873529,1752887
37353,394092,694837,1088929
36708,513952,568474,1082426
39902,587861,819638,1407499
39543,60202,541794,601996
21317,313217,614773,927990
24842,278576,438752,717328
31171,390101,682184,1072285
4253,101855,689568,791423
587,6538,915366,921904
33784,928324,1022149,1950473
61494,496042,836931,1332973
58448,794186,958612,1752798
59839,779405,841872,1621277
61747,591070,1075363,1666433
63543,706280,563569,1269849
40676,450676,896879,1347555
59308,715672,822823,1538495
56400,656996,970104,1627100
59429,688703,874426,1563129
57920,655895,788825,1444720
57545,682243,956229,1638472
54747,575394,683671,1259065
40115,88961,729086,818047
40726,499850,481292,981142
28347,264528,419756,684284
1909,62964,328461,391425
26623,290425,283191,573616
0,0,167935,167935
0,0,12178,12178
0,0,295136,295136
0,0,27424,27424
0,0,122911,122911
7670,85736,210901,296637
7360,177865,222468,400333
37391,311550,201139,512689
0,0,94580,94580
0,0,259446,259446
0,0,127871,127871
8745,139998,85333,225331
12749,82088,176113,258201
0,0,118856,118856
0,0,121705,121705
0,0,54929,54929
0,0,100534,100534
0,0,103579,103579
0,0,118642,118642
8550,117382,103553,220935
1907,0,147040,147040
0,0,127832,127832
0,0,118688,118688
0,0,140024,140024
0,0,64043,64043
0,0,103633,103633
0,0,73111,73111
0,0,121878,121878
0,0,82035,82035
0,0,54654,54654
0,0,148970,148970
0,0,27335,27335
0,0,109516,109516
0,0,57753,57753
0,0,82148,82148
0,0,91227,91227
0,0,39593,39593
0,0,137222,137222
0,0,49332,49332
1471,44917,55128,100045
36688,718612,187881,906493
31931,863336,261664,1125000
30074,853334,300605,1153939
35332,881804,288420,1170224
30114,841979,334130,1176109
81245,355664,244313,599977
59021,917029,574718,1491747
30454,720303,392894,1113197
30631,727682,187052,914734
35362,708050,793,708843
61954,722464,123143,845607
74676,575244,379301,954545
72033,634073,180672,814745
60514,676437,794,677231
63399,707899,597,708496
62900,403179,257858,661037
35674,1007962,431771,1439733
54915,693761,764,694525
63231,693126,105690,798816
63156,675296,571,675867
43978,667465,120572,788037
40109,628791,533852,1162643
61359,565887,378183,944070
40933,591963,573,592536
60839,663139,71804,734943
38655,724570,0,724570
30591,674151,190,674341
30613,671466,572,672038
29221,650305,407091,1057396
28377,647238,473302,1120540
27318,640181,360354,1000535
28397,666397,470989,1137386
27799,638308,470555,1108863
28772,653468,401296,1054764
27731,612285,300803,913088
42925,673091,244068,917159
28456,652578,815641,1468219
28533,644623,1107957,1752580
28819,662778,1106836,1769614
28001,654915,977470,1632385
27907,674579,975982,1650561
28700,675021,1010252,1685273
28060,697903,1017658,1715561
27165,672713,820620,1493333
53559,690943,1068414,1759357
27065,671265,1001373,1672638
28368,664420,973877,1638297
38933,695316,1095922,1791238
63566,301850,749148,1050998
58308,806017,1200145,2006162
62247,457600,960506,1418106
52552,681659,1167400,1849059
60015,698965,920193,1619158
60959,546467,873532,1419999
59734,806967,988236,1795203
62625,704895,902948,1607843
62392,523002,880232,1403234
65998,480187,513419,993606
27787,518919,410673,929592
20868,0,347418,347418
24262,263700,674448,938148
45480,783722,1056105,1839827
44567,711085,1057234,1768319
47064,518917,1128164,1647081
45741,625536,1000417,1625953
45635,580253,973434,1553687
25251,81044,960060,1041104
735,346387,789764,1136151
42190,596229,656314,1252543
57667,418502,720284,1138786
30147,648102,614153,1262255
51949,433311,540136,973447
52896,708666,1166160,1874826
57265,725355,743080,1468435
45965,129437,821591,951028
39133,461986,286193,748179
10857,154695,280336,435031
17978,164935,229496,394431
1029,12527,143121,155648
23143,305532,269743,575275
20697,183526,146121,329647
0,0,658179,658179
7661,161799,637425,799224
28014,372815,677097,1049912
23834,326729,688710,1015439
21460,242475,779587,1022062
2654,79714,543597,623311
8215,40865,395132,435997
0,0,778180,778180
0,0,182393,182393
0,0,335359,335359
31150,501215,508220,1009435
61247,611047,364803,975850
8695,0,311339,311339
0,0,182592,182592
15641,322214,807361,1129575
53301,840479,543253,1383732
33414,377036,780825,1157861
49090,689431,351872,1041303
36816,0,414657,414657
40545,438325,626328,1064653
18356,409410,643095,1052505
58373,936008,645357,1581365
36479,37604,377570,415174
18693,208547,464881,673428
588,0,404954,404954
491,441,221299,221740
0,0,0,0
